id,brand_id,brand_name,product_name,categories,discount,discount_rate,list_price,price,rating_average,review_count,stock_item_qty,stock_item_max_sale_qty,short_url
31638135,488103,MRM Manlywear,"Combo 4 quần lót nam Boxer sợi cạp 1cm sợi tre tự nhiên mềm mịn thấm hút mồ hôi, co giãn 4 chiều MRM Manlywear - Màu ngẫu nhiên",Quần lót nam,95000,28,340000,245000,4.7,1250,1000,1000,https://tiki.vn/product-p31638135.html?spid=31638144
82819910,718933,ARADO FASHION,"Áo Polo nam cổ bẻ ngắn tay, chất liệu vải cá sấu cotton cao cấp, trẻ trung, năng động – FORMEN SHOP – FMPS150",Áo thun nam ngắn tay có cổ,40000,18,219000,179000,4.8,205,1000,1000,https://tiki.vn/product-p82819910.html?spid=82819932
111850645,5003355,US ARMY,"Bộ Quần Áo KaKi Lính Mỹ US ARMY U569 Kiểu Dáng Túi Hộp Chiến Thuật, Chất Liệu Kaki Cao Cấp Phong Cách Lính Cực Ngầu - HÀNG CHÍNH HÃNG",Đồ mặc nhà nam - Bộ dài,899000,50,1798000,899000,4.5,2,1000,1000,https://tiki.vn/product-p111850645.html?spid=174217141
38496061,224521,Doka,Combo 7 Quần lót nam tam giác cotton xịn nhiều lưng có size lớn màu ngẫu nhiên cao cấp mặc cực thoãi mái underwear SỊP HN7,Thời Trang,66300,49,135000,68700,4.5,185,1000,1000,https://tiki.vn/product-p38496061.html?spid=38496138
126701222,159835,LADOS,Quần tây cao cấp dài LADOS - 1327 - Hàng chất lượng ( ẢNH THẬT) chất dày dặn co giãn nhẹ thoải mái,Quần tây nam,151000,43,350000,199000,4.5,70,1000,1000,https://tiki.vn/product-p126701222.html?spid=126701238
31638135,488103,MRM Manlywear,"Combo 4 quần lót nam Boxer sợi cạp 1cm sợi tre tự nhiên mềm mịn thấm hút mồ hôi, co giãn 4 chiều MRM Manlywear - Màu ngẫu nhiên",Quần lót nam,95000,28,340000,245000,4.7,1250,1000,1000,https://tiki.vn/product-p31638135.html?spid=31638144
99958075,488103,MRM Manlywear,"Quần đùi short gió nam thể thao Basic trẻ trung năng động, thoáng mát co giãn 4 chiều MRM Manlywear",Quần thun nam ngắn,80000,40,199000,119000,4.7,497,1000,1000,https://tiki.vn/product-p99958075.html?spid=99958183
176250783,488103,MRM Manlywear,Áo thun nam Cotton Compact Premium trẻ trung năng động thấm hút mồ hôi co giãn 4 chiều MRM Manlywear,Áo thun nam ngắn tay không cổ,110000,44,249000,139000,5.0,149,1000,1000,https://tiki.vn/product-p176250783.html?spid=176250798
99968881,488103,MRM Manlywear,"Set 2 quần đùi nam, quần Short Gió nam thể thao Basic trẻ trung năng động, thoáng mát co giãn 4 chiều MRM Manlywear",Quần thun nam ngắn,144000,36,399000,255000,4.8,574,1000,1000,https://tiki.vn/product-p99968881.html?spid=99968992
31637590,488103,MRM Manlywear,Combo 4 quần lót nam tam giác Bamboo Organic mềm mịn thoáng mát thấm hút mồ hôi - MRM Manlywear - Màu Ngẫu Nhiên,Root,101000,30,340000,239000,4.7,826,1000,1000,https://tiki.vn/product-p31637590.html?spid=31637600
99968881,488103,MRM Manlywear,"Set 2 quần đùi nam, quần Short Gió nam thể thao Basic trẻ trung năng động, thoáng mát co giãn 4 chiều MRM Manlywear",Quần thun nam ngắn,144000,36,399000,255000,4.8,574,1000,1000,https://tiki.vn/product-p99968881.html?spid=99968992
215072155,111461,OEM,"áo khoác bò nam siêu đảng cấp, áo năng động trẻ trung và cá tính, chất vải dày dặn thoáng mát, lên phom cực đẹp - N51",Áo khoác jeans nam,192500,35,550000,357500,4.0,6,1000,1000,https://tiki.vn/product-p215072155.html?spid=215072162
172283470,273717,GOKING,"NEVER GIVE UP, mã G112. Áo thun nam nữ in chữ siêu đẹp, form unisex. Áo phông GOKING hàng hiệu, quà tặng cao cấp cho gia đình, cặp đôi, hội nhóm, doanh nghiệp",Áo thun nam ngắn tay không cổ,0,0,99000,99000,4.8,63,1000,1000,https://tiki.vn/product-p172283470.html?spid=205818892
126700166,159835,LADOS,"Quần Jean nam basic cao cấp LADOS - 4035 form slimfit, vải đẹp",Quần jeans nam dài,185000,37,500000,315000,4.6,191,1000,1000,https://tiki.vn/product-p126700166.html?spid=126700186
99958075,488103,MRM Manlywear,"Quần đùi short gió nam thể thao Basic trẻ trung năng động, thoáng mát co giãn 4 chiều MRM Manlywear",Quần thun nam ngắn,80000,40,199000,119000,4.7,497,1000,1000,https://tiki.vn/product-p99958075.html?spid=99958183
67538621,274275,May 10,COmbo 5 quần ĐÙI May 10,Thời Trang,0,0,118000,118000,4.6,4772,1000,1000,https://tiki.vn/product-p67538621.html?spid=67538629
172210350,718933,ARADO FASHION,"Hộp 4 quần boxer nam thun lạnh, quần lót nam co dãn 4 chiều- Formen Shop- FMQS017",Quần lót nam,101000,36,280000,179000,4.7,195,1000,1000,https://tiki.vn/product-p172210350.html?spid=172210353
16712370,317963,N6,Áo Khoác Kaki Nam Hai Lớp Simple Cao Cấp ShopN6-KK35,Thời Trang,76000,31,245000,169000,3.9,1151,1000,1000,https://tiki.vn/product-p16712370.html?spid=16712385
99183754,361817,Tsimple,"Áo Polo Nam cổ bẻ TSIMPLE thun có cổ tay lỡ vải cá sấu cotton phong cách trẻ trung, chuẩn form, nhiều màu",Áo thun nam ngắn tay có cổ,21000,12,170000,149000,4.7,585,1000,1000,https://tiki.vn/product-p99183754.html?spid=99183768
56614642,718933,ARADO FASHION,"Combo 5 quần sịp boxer chất cotton mềm mịn, thoải mái, nhiều màu - FORMEN SHOP - FMCB5QS007",Thời Trang,56000,23,245000,189000,4.7,131,1000,1000,https://tiki.vn/product-p56614642.html?spid=56614650
205162616,219929,CITYMEN,Hộp 4 Quần lót nam boxer CITYMEN cao cấp lưng Hàn Quốc vải cotton 4 chiều sịp đùi nam - Giao màu ngẫu nhiên,Quần lót nam,89000,42,213000,124000,5.0,31,1000,1000,https://tiki.vn/product-p205162616.html?spid=205162618
17912482,224521,Doka,"Áo khoác nam chống nắng gió thu đông Doka (DBLS102) chất liệu dù giữ ấm cao cấp màu đen , màu xanh đen , màu xanh rêu ",Thời Trang,90000,39,229000,139000,4.5,404,1000,1000,https://tiki.vn/product-p17912482.html?spid=48541088
123204494,52304,iBasic,Quần lót nam thun boxer Espresso iBasic PANM103,Quần lót nam,20000,20,99000,79000,4.8,15,1000,1000,https://tiki.vn/product-p123204494.html?spid=123204497
138752406,111461,OEM,Áo thu đông nam cổ tròn dài tay chất cotton co giãn dáng body thời trang,Root,0,0,70000,70000,3.0,4,1000,1000,https://tiki.vn/product-p138752406.html?spid=196096504
248689948,418935,KHATOCO ,Áo sơ mi nam tay dài form suông Khatoco A1MD498T1-CNCR188-2411-D,Áo sơ mi nam tay dài họa tiết,0,0,498000,498000,5.0,1,1000,1000,https://tiki.vn/product-p248689948.html?spid=248689950
217176888,111461,OEM,Áo thun tay lỡ form rộng - phông nam nữ oversize - T shirt in tọa độ - 2N Unisex,Root,26000,21,125000,99000,5.0,19,1000,1000,https://tiki.vn/product-p217176888.html?spid=217176895
124635780,159835,LADOS,"Áo sơ mi nam trơn tay dài cao cấp Lados - 779 chất kate lụa mềm mát, thấm hút mồ hôi",Áo sơ mi nam tay dài trơn,96000,41,235000,139000,4.6,945,1000,1000,https://tiki.vn/product-p124635780.html?spid=124635796
107186342,4469177,Chandi,"Quần Tây Âu Nam Co Giãn Nhẹ Dáng Ôm, Quần Nam Công Sở Lịch Sự Phù Hợp Mọi Hoàn Cảnh Thương Hiệu Chandi Mã NT334",Quần tây nam,0,0,299000,299000,4.3,256,1000,1000,https://tiki.vn/product-p107186342.html?spid=107186344
90984718,246545,dokafashion,"Áo Khoác Dù Nam Phối Nón, Dù Thái Nhập Khẩu  ( Tặng 1 áo khoác dù màu ngẫu nhiên ) Dokafashion Siêu Nhẹ Cao Cấp Dành Cho Đi Nắng Đi Mưa EZAK24",Áo khoác gió,130000,38,339000,209000,4.7,9,1000,1000,https://tiki.vn/product-p90984718.html?spid=207999695
145680551,219929,CITYMEN,"Hộp 5 Quần Lót Nam lưng Hàn Quốc hiệu CITYMEN vải thun lạnh 4 chiều cao cấp, sịp nam - LMTK-HANAL ( Giao màu ngẫu nhiên )",Quần lót nam,47000,29,163000,116000,4.7,925,1000,1000,https://tiki.vn/product-p145680551.html?spid=145680555
110704393,723623,JAMANO,Combo 2 quần đùi nam Cotton mặc nhà thoải mái thoáng mát JAMANO- MÀU NGẪU NHIÊN,Quần thun nam ngắn,41000,29,140000,99000,4.5,251,1000,1000,https://tiki.vn/product-p110704393.html?spid=110704395
82819910,718933,ARADO FASHION,"Áo Polo nam cổ bẻ ngắn tay, chất liệu vải cá sấu cotton cao cấp, trẻ trung, năng động – FORMEN SHOP – FMPS150",Áo thun nam ngắn tay có cổ,40000,18,219000,179000,4.8,205,1000,1000,https://tiki.vn/product-p82819910.html?spid=82819932
91848059,221573,Amazing,"Quần jogger kaki cao cấp Amazing, lưng thun có dây rút, ống bo, thời trang unisex, màu sắc classic dễ phối đồ, có big size ",Quần jogger nam,110000,32,349000,239000,4.7,134,1000,1000,https://tiki.vn/product-p91848059.html?spid=91848065
22610869,224521,Doka,"Combo 3 Áo Thun nam HÀNG HIỆU đa phong cách -  ĐB3QC16 (Chọn Màu)- Vải thun cotton có điểm đặc biệt, thân thiện với làn da, co giãn và khả năng thấm hút tốt",Thời trang nam,111000,37,300000,189000,4.5,216,1000,1000,https://tiki.vn/product-p22610869.html?spid=179968391
99325284,361817,Tsimple,"Áo Thể Thao Nam TSIMPLE thun nam tập gym ngắn tay vải thun lạnh thoáng mát, co giãn, chuẩn form nhiều màu",Áo thun nam ngắn tay không cổ,24000,21,113000,89000,4.7,832,1000,1000,https://tiki.vn/product-p99325284.html?spid=99325286
20518115,418935,KHATOCO ,Quần Kaki Nam Khatoco Q2M468R1-VNMA012-1811-1 - Xanh Rêu,Root,0,0,468000,468000,4.8,160,1000,1000,https://tiki.vn/product-p20518115.html?spid=20518137
22492292,246545,dokafashion,"Áo polo nam ngắn tay có cổ ( Tặng 1 quần lót nam ) , Combo 2 áo, DokaFashion regular fit chuẩn hàng xuất, áo phông thun polo nam tay ngắn – EZ235",Root,126000,44,285000,159000,4.5,490,1000,1000,https://tiki.vn/product-p22492292.html?spid=22492294
169120359,718933,ARADO FASHION,"Combo 5 quần sịp nam, kiểu dáng ôm mông chất thun cotton thấm hút co giãn tốt - FORMEN SHOP - FM5QS005",Quần lót nam,96000,39,245000,149000,4.5,64,1000,1000,https://tiki.vn/product-p169120359.html?spid=169120361
74493672,111461,OEM,[ Có Ảnh Thật ] Áo thun trơn tay lỡ form rộng unisex - Phông trơn,Áo thun nam ngắn tay không cổ,56000,45,125000,69000,5.0,19,1000,1000,https://tiki.vn/product-p74493672.html?spid=74493674
71909603,718933,ARADO FASHION,Áo hoodie nam nữ form rộng Unisex một màu in hoạt hình cá tính Hàn Quốc – FORMEN SHOP – FMGV034,Thời trang nam,40000,20,199000,159000,4.6,352,1000,1000,https://tiki.vn/product-p71909603.html?spid=71909605
162033134,723623,JAMANO,Combo 5 quần đùi nam mặc nhà Cotton thoải mái thoáng mát Họa Tiết Ngẫu Nhiên - JAMANO,Quần thun nam ngắn,121000,35,350000,229000,4.7,156,1000,1000,https://tiki.vn/product-p162033134.html?spid=162033136
126815833,111461,OEM,Quần tây âu nam vải dày co giãn không bai màu ống côn dáng Hàn Quốc,Root,0,0,80000,80000,3.9,12,1000,1000,https://tiki.vn/product-p126815833.html?spid=199904149
126700166,159835,LADOS,"Quần Jean nam basic cao cấp LADOS - 4035 form slimfit, vải đẹp",Quần jeans nam dài,185000,37,500000,315000,4.6,191,1000,1000,https://tiki.vn/product-p126700166.html?spid=126700186
56919853,841971,SZone,Áo Len Cổ Lọ Nam SZone SAL222 Phong Cách Hàn Quốc,Thời Trang,13000,10,129000,116000,4.5,178,1000,1000,https://tiki.vn/product-p56919853.html?spid=56919856
143275087,111461,OEM,Áo thun tay lỡ form rộng unisex - Áo phông nam nữ oversize - T shirt Forest b,Áo thun nam ngắn tay không cổ,0,0,125000,125000,4.6,16,1000,1000,https://tiki.vn/product-p143275087.html?spid=143275092
76698261,111461,OEM,Quần jean nam ống suông vải co giãn may kỹ đẹp hàng công ty đưa ra loại quần jean công sở,Quần jeans nam dài,0,0,99000,99000,4.0,204,1000,1000,https://tiki.vn/product-p76698261.html?spid=140132291
195192891,494763,Fasvin,Quần Gió Nam Thể Thao FASVIN Vải Gió Đẹp Hàng Nhà Máy Chất Lượng Cao Dùng Khi Thể Thao Hay Mặc Nhà DC20423.HN,Quần jogger nam,113000,38,298000,185000,4.8,31,1000,1000,https://tiki.vn/product-p195192891.html?spid=195192911
71985742,246545,dokafashion,Áo khoác dù UV mẫu mới 2024 ( Tặng 1 áo khoác kaki ) - Áo Khoác Chống Nắng đến 98% Chống Thấm Nước Có Túi Trong Kèm Túi Khóa Kéo Phong Cách Trẻ Trung,Thời trang nam,99000,33,298000,199000,4.5,189,1000,1000,https://tiki.vn/product-p71985742.html?spid=71985754
154298071,488103,MRM Manlywear,"Combo 2 quần đùi nam, quần Short Gió nam thể thao Họa Tiết Rằn Ri trẻ trung năng động, thoáng mát co giãn 4 chiều MRM Manlywear",Quần thun nam ngắn,140000,35,399000,259000,5.0,197,1000,1000,https://tiki.vn/product-p154298071.html?spid=189475416
52184516,488103,MRM Manlywear,Combo 3 quần lót nam Boxer sợi Organic mềm mịn thoáng mát co giãn 4 chiều MRM Manlywear ( TẶNG Đôi Tất Nam Cao Cấp Giao Ngẫu Nhiên),Thời Trang,96000,34,285000,189000,4.6,1210,1000,1000,https://tiki.vn/product-p52184516.html?spid=52184518
67231390,111461,OEM,"Quần tây nam Hàn Quốc ống côn công sở cao cấp Hamino chất vải co giãn nhẹ thoải mái màu đen, xanh đen, ghi, kem - Quần âu nam cao cấp Hàn Quốc ống côn",Root,0,0,79000,79000,3.9,117,1000,1000,https://tiki.vn/product-p67231390.html?spid=84776092
74823287,221573,Amazing,"Quần short kaki nam Amazing, lưng thun có giây rút, vải co giãn nhẹ, màu sắc đa dạng, có big size",Quần kaki nam ngắn,70000,37,189000,119000,4.6,38,1000,1000,https://tiki.vn/product-p74823287.html?spid=74823293
138381315,4807177,Micado,"Áo thun dài tay nam giữ nhiệt co giãn mặc lót chơi thể thao, đá bóng Micado",Áo thun nam dài tay,0,0,60000,60000,4.6,16,1000,1000,https://tiki.vn/product-p138381315.html?spid=272126572
111972654,5003355,US ARMY,Quần Túi Hộp Tháo Ống US ARMY U880 Chuyên Phượt Chất Vải Gió Cao Cấp Mau Khô Ống Có Thể Tháo Rời Làm Quần Short -HÀNG CHÍNH HÃNG,Quần jogger nam,349000,50,698000,349000,4.5,88,1000,1000,https://tiki.vn/product-p111972654.html?spid=174105604
126146318,159835,LADOS,"Áo sơ mi nam trơn không nhăn LADOS - 523, Chất vải mềm mát, thấm hút mồ hôi tốt, form slimfit",Áo sơ mi nam tay dài trơn,40000,22,179000,139000,4.6,157,1000,1000,https://tiki.vn/product-p126146318.html?spid=126146326
126701222,159835,LADOS,Quần tây cao cấp dài LADOS - 1327 - Hàng chất lượng ( ẢNH THẬT) chất dày dặn co giãn nhẹ thoải mái,Quần tây nam,151000,43,350000,199000,4.5,70,1000,1000,https://tiki.vn/product-p126701222.html?spid=126701238
17912482,224521,Doka,"Áo khoác nam chống nắng gió thu đông Doka (DBLS102) chất liệu dù giữ ấm cao cấp màu đen , màu xanh đen , màu xanh rêu ",Thời Trang,90000,39,229000,139000,4.5,404,1000,1000,https://tiki.vn/product-p17912482.html?spid=48541088
111850645,5003355,US ARMY,"Bộ Quần Áo KaKi Lính Mỹ US ARMY U569 Kiểu Dáng Túi Hộp Chiến Thuật, Chất Liệu Kaki Cao Cấp Phong Cách Lính Cực Ngầu - HÀNG CHÍNH HÃNG",Đồ mặc nhà nam - Bộ dài,899000,50,1798000,899000,4.5,2,1000,1000,https://tiki.vn/product-p111850645.html?spid=174217141
205162616,219929,CITYMEN,Hộp 4 Quần lót nam boxer CITYMEN cao cấp lưng Hàn Quốc vải cotton 4 chiều sịp đùi nam - Giao màu ngẫu nhiên,Quần lót nam,89000,42,213000,124000,5.0,31,1000,1000,https://tiki.vn/product-p205162616.html?spid=205162618
99958075,488103,MRM Manlywear,"Quần đùi short gió nam thể thao Basic trẻ trung năng động, thoáng mát co giãn 4 chiều MRM Manlywear",Quần thun nam ngắn,80000,40,199000,119000,4.7,497,1000,1000,https://tiki.vn/product-p99958075.html?spid=99958183
22760941,246545,dokafashion,Combo 3 Áo thun nam cổ bẻ  ( Tặng 1 áo thun cổ tròn hàng hiệu ) vải cá sấu - EZ338,Root,127000,31,406000,279000,4.5,222,1000,1000,https://tiki.vn/product-p22760941.html?spid=72322287
104192913,4581269,Baw,"Quần Lót Nam sợi thun lạnh thông hơi kháng khuẩn, Quần Sịp Nam co giãn 4 chiều thấm hút mồ hôi cực tốt thương hiệu BAW (combo 3 màu ngẫu nhiên) NT7987",Quần lót nam,60000,38,159000,99000,4.6,99,1000,1000,https://tiki.vn/product-p104192913.html?spid=104192917
76121693,224521,Doka,Áo khoác nam áo gió vải dù DOKA STORE cao cấp 2 lớp chống nắng tia UV và chống nước khoát phong cách Hàn Quốc - PS21,Áo khoác gió,0,0,209000,209000,4.5,73,1000,1000,https://tiki.vn/product-p76121693.html?spid=198770922
201036434,535627,5S,"Áo Khoác Gió Thể Thao Nam 5S TRAINING TIME, Mềm Mượt, Cản Gió, Chống Bám Bụi, Nhẹ, Siêu Ấm (AKG22020)",Áo khoác gió,440000,52,839000,399000,4.7,10,1000,1000,https://tiki.vn/product-p201036434.html?spid=201036490
253386535,246545,dokafashion,Quần Đùi Nam 3 SỌC từ 50kg- 89kg ( màu ngẫu nhiên kg trùng )- Quần Short nam vải thun 3 sọc thể thao mặc nhà,Thời trang nam,27000,45,60000,33000,4.7,26,1000,1000,https://tiki.vn/product-p253386535.html?spid=253386537
40934060,224521,Doka,Áo khoác dù nam chống nắng mưa gió lạnh dáng dứng - DCVS103,Thời Trang,45000,25,180000,135000,4.8,10,1000,1000,https://tiki.vn/product-p40934060.html?spid=40936208
123204494,52304,iBasic,Quần lót nam thun boxer Espresso iBasic PANM103,Quần lót nam,20000,20,99000,79000,4.8,15,1000,1000,https://tiki.vn/product-p123204494.html?spid=123204497
38496061,224521,Doka,Combo 7 Quần lót nam tam giác cotton xịn nhiều lưng có size lớn màu ngẫu nhiên cao cấp mặc cực thoãi mái underwear SỊP HN7,Thời Trang,66300,49,135000,68700,4.5,185,1000,1000,https://tiki.vn/product-p38496061.html?spid=38496138
108084638,52304,iBasic,Quần lót nam cotton đùi dài iBasic PANM083,Quần lót nam,0,0,199000,199000,5.0,8,1000,1000,https://tiki.vn/product-p108084638.html?spid=108084640
138752406,111461,OEM,Áo thu đông nam cổ tròn dài tay chất cotton co giãn dáng body thời trang,Root,0,0,70000,70000,3.0,4,1000,1000,https://tiki.vn/product-p138752406.html?spid=196096504
87981660,723623,JAMANO,"Combo 2 áo ba lỗ nam, áo 3 lỗ nam, sợi cotton mềm mịn, thấm hút mồ hôi tốt, thoáng mát, mặc thoải mái JAMANO",Áo thun nam ba lỗ,49000,25,198000,149000,4.7,308,1000,1000,https://tiki.vn/product-p87981660.html?spid=87981797
176251118,488103,MRM Manlywear,"Combo 2 Áo thun nam Cotton Compact Premium trẻ trung thấm hút mồ hôi, co giãn 4 chiều MRM Manlywear",Áo thun nam ngắn tay không cổ,210000,42,499000,289000,4.8,139,1000,1000,https://tiki.vn/product-p176251118.html?spid=176417781
99156609,361817,Tsimple,"Áo Thun Nam cổ tròn TSIMPLE áo phông trơn basic tay ngắn vải cotton co giãn, dày dặn , form chuẩn nhiều màu",Áo thun nam ngắn tay không cổ,24000,21,113000,89000,4.7,772,1000,1000,https://tiki.vn/product-p99156609.html?spid=99156611
73214429,317963,N6,Áo Khoác Nam Áo Khoác Dù Nam Nữ Hai Lớp Chống Nước Chống Nắng Chống Gió Phối Nón Cao Cấp QD54 - ShopN6 (Nhiều Màu),Thời trang nam,30000,16,189000,159000,4.6,171,1000,1000,https://tiki.vn/product-p73214429.html?spid=73214439
54711023,534699,CLEACCO,"Quần Bơi Nam Thiết Kế Vảy Cá Mập Cleacco Chống Thấm Nước , Nhanh Khô Tặng Kèm Nón Bơi và Bịt Tai Silicon Cao Cấp",Thời Trang,72000,36,201000,129000,4.8,143,1000,1000,https://tiki.vn/product-p54711023.html?spid=54711025
272151943,111461,OEM,Áo len Nam Áo Cardigan nam chất liệu Len dệt cao cấp không nhăn không nhàu không phai màu siêu đẹp mã T5,Áo cardigan nam,0,0,358000,358000,0.0,0,1000,1000,https://tiki.vn/product-p272151943.html?spid=272151945
272162586,111461,OEM,"Áo khoác nam Áo khoác demi mùa xuân phiên bản hàn quốc. Phong cách body trẻ trung, nam tính lịch lãm đễ phối đồ T6",Áo khoác jeans nam,0,0,286000,286000,0.0,0,1000,1000,https://tiki.vn/product-p272162586.html?spid=272162588
215072155,111461,OEM,"áo khoác bò nam siêu đảng cấp, áo năng động trẻ trung và cá tính, chất vải dày dặn thoáng mát, lên phom cực đẹp - N51",Áo khoác jeans nam,192500,35,550000,357500,4.0,6,1000,1000,https://tiki.vn/product-p215072155.html?spid=215072162
186552687,111461,OEM,"Áo vest,áo vest nam với chất POLY chéo hàn cao cấp ,lịch lãm,sang trọng,hàng thiết kế cao cấp H60",Bộ vest nam,136920,28,489000,352080,4.5,5,1000,1000,https://tiki.vn/product-p186552687.html?spid=186552689
172324846,273717,GOKING,"Enjoy Your Life, mã G146. Áo thun nam nữ in chữ siêu đẹp, form unisex. Áo phông GOKING hàng hiệu, quà tặng cao cấp cho gia đình, cặp đôi, hội nhóm, doanh nghiệp",Áo thun nam ngắn tay không cổ,0,0,69000,69000,5.0,12,1000,1000,https://tiki.vn/product-p172324846.html?spid=248761881
220670591,246545,dokafashion,"Quần kaki nam ( Tặng 1 dây nịt da hàng hiệu)  chất vải cotton mềm mịn, co giãn, chống nhăn, nhanh khô, độ bền cao chuẩn phong cách thời trang Dokafashion DKFQKK01",Quần kaki nam dài,151000,43,350000,199000,4.5,49,1000,1000,https://tiki.vn/product-p220670591.html?spid=220670595
17912482,224521,Doka,"Áo khoác nam chống nắng gió thu đông Doka (DBLS102) chất liệu dù giữ ấm cao cấp màu đen , màu xanh đen , màu xanh rêu ",Thời Trang,90000,39,229000,139000,4.5,404,1000,1000,https://tiki.vn/product-p17912482.html?spid=48541088
50347611,224521,Doka,Combo 2 Quần shorts thể thao nam dạng sọt sport đùi chất thun lạnh 4 chiều cao cấp phù hợp tập gym hay mặc nhà màu trắng và đen DUI-P101 - tặng 1 khẩu trang chống nắng ,Thời Trang,51000,39,130000,79000,4.5,155,1000,1000,https://tiki.vn/product-p50347611.html?spid=50348115
162148842,5402543,SOMIANTON,Áo sơ mi nam công sở trung niên dài tay trắng thương hiệu Anton- XA12,Áo sơ mi nam tay dài trơn,100000,31,325000,225000,4.7,40,1000,1000,https://tiki.vn/product-p162148842.html?spid=162230271
107801368,274275,May 10,"Combo 2 quần đùi nam May 10 phiên bản có túi 2 bên, màu ngẫu nhiên",Quần thun nam ngắn,0,0,119000,119000,4.5,233,1000,1000,https://tiki.vn/product-p107801368.html?spid=107801374
88011112,246545,dokafashion,Quần short nam Dokafashion thể thao cao cấp năng động cá tính EZQT01,Quần thun nam ngắn,29000,36,80000,51000,4.5,55,1000,1000,https://tiki.vn/product-p88011112.html?spid=106063777
90979601,246545,dokafashion,"Áo Khoác Dù Nam chống nước ( Miễn Phí Vận Chuyển) Dokafashion Cao Cấp 2 Lớp Vải Dù Ấm Áp Cản Gió Đi Nắng, Chống Nước EZDS23",Áo khoác gió,62000,30,209000,147000,4.8,112,1000,1000,https://tiki.vn/product-p90979601.html?spid=90979603
102122394,4807177,Micado,Combo 4 Quần lót boxer nam - Quần sịp đùi su đúc lụa sữa cao cấp không đường may Micado,Quần lót nam,121000,43,280000,159000,4.5,42,1000,1000,https://tiki.vn/product-p102122394.html?spid=102122412
50327852,418935,KHATOCO ,Quần tây nam Khatoco mã Q1M428R0,Root,0,0,428000,428000,5.0,14,1000,1000,https://tiki.vn/product-p50327852.html?spid=50327871
15784024,317963,N6,Áo Khoác Nam Áo Khoác Dù Dày Nam Trơn  Cao Cấp ShopN6 - AD34,Thời Trang,86000,35,245000,159000,4.5,530,1000,1000,https://tiki.vn/product-p15784024.html?spid=15784027
198381555,418935,KHATOCO ,Quần tây nam không ly Khatoco Q1M428R0-INMA036-2111-0-XÁM LÔNG CHUỘT,Quần tây nam,0,0,428000,428000,5.0,8,1000,1000,https://tiki.vn/product-p198381555.html?spid=198381557
73667065,111461,OEM,"Áo sơ mi nam dài tay công sở dáng ôm sơ mi nam trắng cổ bẻ vải lụa thái chống nhăn chống xù, chất vải dày dặn co giãn nhẹ, size từ 45-80kg, giặt được máy giặt",Áo sơ mi nam tay dài trơn,0,0,69000,69000,4.3,23,1000,1000,https://tiki.vn/product-p73667065.html?spid=104234680
145266582,79991,Aristino,"Combo 3 quần sịp tam giác, Set 3 quần lót nam dáng Brief ARISTINO chất liệu Bamboo thoáng mát, kháng khuẩn khử mùi cực tốt AC-06",Quần lót nam,0,0,240000,240000,4.6,131,1000,1000,https://tiki.vn/product-p145266582.html?spid=145266590
67294572,617801,Andromeda,Áo Sơ Mi Nam Dài Tay Vải Lụa Chống Nhăn,Thời Trang,0,0,109000,109000,3.7,74,1000,1000,https://tiki.vn/product-p67294572.html?spid=67294682
95054251,317963,N6,Quần Short Nam Big Size Quần Sọt Nam Thể Thao Cotton 4 Chiều Quần Đùi Nam Trên 100kg Quần Thun Nam Cao Cấp Giá Tốt WSB1 - ShopN6 (Sọc Ngẫu Nhiên),Quần thun nam ngắn,36000,34,105000,69000,4.6,42,1000,1000,https://tiki.vn/product-p95054251.html?spid=95054261
270142591,535627,5S," Áo Polo Nam 5S VITURAL, Mát, Nhẹ, Thoáng Khí, Thiết Kế Trẻ Trung, Lịch Lãm (APC23059)",Áo thun nam ngắn tay có cổ,280000,65,429000,149000,5.0,8,1000,1000,https://tiki.vn/product-p270142591.html?spid=270142617
38496061,224521,Doka,Combo 7 Quần lót nam tam giác cotton xịn nhiều lưng có size lớn màu ngẫu nhiên cao cấp mặc cực thoãi mái underwear SỊP HN7,Thời Trang,66300,49,135000,68700,4.5,185,1000,1000,https://tiki.vn/product-p38496061.html?spid=38496138
97823540,317963,N6,Áo Khoác Big Size Áo Khoác Dù Nam Có Cổ Trụ Chống Nắng Chống Nóng Chống Lạnh Chống Gió 2 Lớp Phối Logo Sọt Thời Trang Nam Tính Hàn Quốc Giá Tốt AD70 ,Áo khoác gió,10000,6,169000,159000,4.5,268,1000,1000,https://tiki.vn/product-p97823540.html?spid=97823546
217807222,535627,5S,"Áo Thun Nam Ngắn Tay 5S PREMIUM, Chất Liệu Cotton Siêu Mềm, Mát, Thấm Hút Tốt, Thiết Kế Thể Thao, Khỏe Khoắn (TSO23008)",Áo thun nam ngắn tay không cổ,122000,49,249000,127000,4.6,27,1000,1000,https://tiki.vn/product-p217807222.html?spid=217807241
87940800,4469177,Chandi,"Quần Kaki Nam cao cấp thương hiệu Chandi, chất kaki co giãn xu hướng mã NT300-MÀU ĐEN",Quần kaki nam dài,0,0,239000,239000,4.5,104,1000,1000,https://tiki.vn/product-p87940800.html?spid=87940802
74536479,224521,Doka,Áo khoác nam áo gió vải dù ( Tặng quần lót hàng hiệu ) DOKA STORE cao cấp 2 lớp chống nắng tia UV và chống nước khoát phong cách Hàn Quốc DF20,Áo khoác gió,54000,27,199000,145000,4.5,247,1000,1000,https://tiki.vn/product-p74536479.html?spid=74536481
87941257,4469177,Chandi,"Quần Bò Nam cao cấp thương hiệu Chandi, chất jean co dãn mẫu mới nhất mã NT301",Quần jeans nam dài,130000,43,299000,169000,4.5,169,1000,1000,https://tiki.vn/product-p87941257.html?spid=87941259
247444319,224521,Doka,"Quần Short Lửng Nam Kaki (Tặng kèm quần lót thái) Vải Cotton Mềm Mịn Lưng Thun Đai Quần Có Dây Chun Kéo, Dễ Dàng Điều Chỉnh Phù Hợp Co Giãn Cao Cấp DKQKN26",Quần kaki nam ngắn,60200,40,149000,88800,4.5,23,1000,1000,https://tiki.vn/product-p247444319.html?spid=247444321
272581840,939827,AVIANO,"Bộ Đồ Nam AVIANO 4 Màu Dài Tay, Bộ Thể Thao Nam Chất Nỉ Tổ Ong",Đồ mặc nhà nam - Bộ dài,200000,44,450000,250000,5.0,3,1000,1000,https://tiki.vn/product-p272581840.html?spid=272581842
7170169,111461,OEM,Bộ 5 Quần Sịp Tam Giác Nam Nhật Bản (Nhiều mầu) - 5Star,Thời Trang,0,0,95000,95000,4.2,487,1000,1000,https://tiki.vn/product-p7170169.html?spid=7170173
192270416,111461,OEM,Quần Lót Nam Dây Nâng Mông Thoáng Khí Jockstrap Pump,Root,0,0,60000,60000,5.0,9,1000,1000,https://tiki.vn/product-p192270416.html?spid=192270419
265177928,111461,OEM,"Áo ba lỗ Tank Top Lụa Lưới TOBA Boutique Siêu Mát Lạnh, nhanh khô thoáng khí thông hơi mặc nhà, tập gym, tập thể thao TB3LO1",Áo thun nam ba lỗ,0,0,89000,89000,0.0,0,1000,1000,https://tiki.vn/product-p265177928.html?spid=265177930
182711171,111461,OEM,"áo khoác dù nam thời trang cao câp, dù 2 lớp đi mưa gió có nón rộng 2022",Áo khoác gió,0,0,180000,180000,4.3,6,1000,1000,https://tiki.vn/product-p182711171.html?spid=182711189
20525931,418935,KHATOCO ,Áo Sơ Mi Nam Tay Dài Khatoco A1MD598T1-CNSC011-2004-D,Root,0,0,598000,598000,4.8,15,1000,1000,https://tiki.vn/product-p20525931.html?spid=20525949
52311502,111461,OEM,"Áo Khoác Cao Cấp, Áo Khoác Kaki Nam Hàn Quốc",Thời Trang,0,0,163000,163000,4.3,43,1000,1000,https://tiki.vn/product-p52311502.html?spid=69851193
42424755,456351,Amalife,Quần Jogger Nam Thể Thao - Quần Nỉ Nam Lót Lông Cao Cấp Chính Hãng,Thời Trang,153000,44,350000,197000,4.6,162,1000,1000,https://tiki.vn/product-p42424755.html?spid=47321082
94522304,221573,Amazing,"Quần tây truyền thông Amazing, ống xuông, không ly, vải dày có vân chìm, thấm hút tốt, có size lớn 105kg",Quần tây nam,174000,35,499000,325000,5.0,7,1000,1000,https://tiki.vn/product-p94522304.html?spid=94522335
192793143,111461,OEM,"Quần sịp đùi nam chữ A, quần sịp xì đùi nam cao cấp quần lót nam đùi co giãn 4 chiều 5D 45-75kg SA01 - PROMAN",Quần lót nam,0,0,30000,30000,3.0,2,1000,1000,https://tiki.vn/product-p192793143.html?spid=192793147
273294184,535627,5S,"Áo Phao Chần Bông Nam 5S FASHION PREMIUM, Chất Liệu Cao Cấp, Bông Chần Dày Dặn, Siêu Ấm, Thiết Kế Trơn Basic (AKC23016)",Áo khoác phao nam,490000,50,989000,499000,5.0,2,1000,1000,https://tiki.vn/product-p273294184.html?spid=273294202
104192739,4581269,Baw,"Quần Boxer Nam sợi thun lạnh thông hơi kháng khuẩn, Quần Lót Nam co giãn 4 chiều thấm hút mồ hôi cực tốt thương hiệu BAW (combo 3 màu ngẫu nhiên) NT7986",Quần lót nam,70000,35,199000,129000,4.7,95,1000,1000,https://tiki.vn/product-p104192739.html?spid=104192743
82528842,111461,OEM,Quần jogger thể thao nam trơn chất gió dù mềm mịn,Quần jogger nam,0,0,149000,149000,3.8,118,1000,1000,https://tiki.vn/product-p82528842.html?spid=82528846
197603511,246545,dokafashion,"Áo Khoác Da Nam, Áo Khoác Da Lót Lông Siêu Ấm Mùa Thu Đông Phối Khóa Đồng Cao Cấp Thời Trang Dokafashion EZAD28",Áo khoác da nam,280000,48,579000,299000,4.8,20,1000,1000,https://tiki.vn/product-p197603511.html?spid=197603513
271607365,535627,5S,"Quần Sịp Đùi Nam 5S FASHION, Vải Coolmax Siêu Mịn, Mềm, Thiết Kế Thông Hơi, Co Giãn Thoải Mái (BOX22002)",Quần lót nam,51000,43,120000,69000,5.0,2,1000,1000,https://tiki.vn/product-p271607365.html?spid=271607367
52189164,488103,MRM Manlywear,Combo 3 quần lót nam sợi cotton Organic mềm mịn thoáng mát co giãn 4 chiều MRM Manlywear (TẶNG Đôi Tất Nam Cao Cấp màu ngẫu nhiên),Thời Trang,66000,26,255000,189000,4.6,945,1000,1000,https://tiki.vn/product-p52189164.html?spid=52189172
84963179,111461,OEM,"Áo Thun Trơn Basic Nam Nữ Đều Mặc Được - Phong Cách Trẻ Trung, Nhiều Màu, Nhiều Size Phù Hợp Với Mọi Người - ATT01",Áo thun nam ngắn tay không cổ,0,0,18000,18000,2.8,38,1000,1000,https://tiki.vn/product-p84963179.html?spid=116142447
76537581,4469177,Chandi,"Quần Jean Nam Đen Trơn cao cấp thương hiệu Chandi, phong cách tôn dáng nam tính chất jean co dãn Mẫu J20",Quần jeans nam dài,111000,40,280000,169000,4.5,724,1000,1000,https://tiki.vn/product-p76537581.html?spid=76537583
168224742,159835,LADOS,"[COMBO 3 QUẦN] Quần Lót Nam Boxer Thun Lạnh Lados 4116 - Thun lụa co giãn, dai, thoáng mát, thấm hút mồ hôi tốt",Quần lót nam,85000,47,180000,95000,4.7,26,1000,1000,https://tiki.vn/product-p168224742.html?spid=168224748
30763890,418935,KHATOCO ,Quần kaki nam 1 ply ống đứng Khatoco Q2M468R1-VNMA011-1907-1,Thời Trang,0,0,468000,468000,4.8,30,1000,1000,https://tiki.vn/product-p30763890.html?spid=30763894
215069800,111461,OEM,"áo vest nam phong cách Hàn quốc siêu ngầu, trưởng thành và phóng khoáng, năng động - H60",Bộ vest nam,192500,35,550000,357500,5.0,1,1000,1000,https://tiki.vn/product-p215069800.html?spid=215069808
75984007,221573,Amazing,"Quần baggy nam Amazing, chất liệu kaki, lưng thun có giây rút, form ôm Unisex, tôn dáng đẹp, trẻ trung-02",Quần kaki nam dài,110000,32,349000,239000,4.5,47,1000,1000,https://tiki.vn/product-p75984007.html?spid=75984071
103076103,723623,JAMANO,"áo ba lỗ nam, áo 3 lỗ nam sợi cotton Organic mềm mịn siêu thoáng mát thấm hút mồ hôi JAMANO",Áo thun nam ba lỗ,20000,20,99000,79000,4.8,116,1000,1000,https://tiki.vn/product-p103076103.html?spid=103076105
109403033,273717,GOKING,"Áo khoác gió nam nữ Goking, ngoài vải dù, trong lót lưới. 3 túi tiện dụng. Mã akg.goking4",Áo khoác gió,0,0,225000,225000,4.6,51,1000,1000,https://tiki.vn/product-p109403033.html?spid=109403035
272777861,535627,5S,"Áo Khoác Nam Jacket Cổ Bẻ 5S FASHION, Vải Gió Phom Regular Fit, Thiết Kế Trơn Túi Dáng Hộp, Khóa Kéo Tiện Lợi (AKG23011)",Áo khoác gió,265000,34,769000,504000,5.0,1,1000,1000,https://tiki.vn/product-p272777861.html?spid=272777863
199243351,535627,5S,"Áo Khoác Gió Thể Thao Nam 5S (5 Màu), Chất Liệu Cao Cấp, Trượt Nước, Cản Gió, Thiết Kế Khỏe Khoắn (AKG22009)",Áo khoác gió,427000,50,859000,432000,4.8,79,1000,1000,https://tiki.vn/product-p199243351.html?spid=199243353
138748093,111461,OEM,Áo thun nam cổ tim ngắn tay đẹp nhiều màu đủ size ( có size lớn cho người 100 kg ),Root,0,0,39000,39000,2.0,11,1000,1000,https://tiki.vn/product-p138748093.html?spid=271476397
272851472,535627,5S,"Bộ Quần Áo Nỉ Nam 5S FASHION, Chất Cotton Mềm Mịn, Dày Dặn, Thiết Kế Can Phối Trẻ Trung, Năng Động (BNI23005)",Đồ mặc nhà nam - Bộ dài,269000,37,718000,449000,0.0,0,1000,1000,https://tiki.vn/product-p272851472.html?spid=272851480
67516317,317963,N6,Áo Khoác Kaki Nam Áo Khoác Nam Hai Lớp FS Chống Nắng Chống Lạnh Cao Cấp KK46 - ShopN6 (Nhiều Màu),Thời Trang,51000,21,240000,189000,4.5,173,1000,1000,https://tiki.vn/product-p67516317.html?spid=67516327
198381953,418935,KHATOCO ,Quần tây nam không ly Khatoco Q1M428R0-INMA038-2211-0-ĐEN VẢI GÂN,Quần tây nam,0,0,428000,428000,5.0,6,1000,1000,https://tiki.vn/product-p198381953.html?spid=198381955
106700369,505595,VONESA,"Quần Jean Nam Vovesa Mẫu Mới, Dáng Ôm Trẻ Trung, Nam Tính Q5",Quần jeans nam dài,0,0,99000,99000,3.5,44,1000,1000,https://tiki.vn/product-p106700369.html?spid=106700371
86988226,4469177,Chandi,"Quần Jogger Nam thể thao túi hộp thương hiệu Chandi, chất kaki bo chân xu hướng mới nhất CD5",Quần jogger nam,140000,47,299000,159000,4.5,56,1000,1000,https://tiki.vn/product-p86988226.html?spid=86988228
94107643,111461,OEM,"Áo sơ mi đen nam mặc đẹp nơi công sở, áo sơ mi cổ trụ vải lụa đen co giãn kiểu trơn basic",Root,0,0,87000,87000,4.5,8,1000,1000,https://tiki.vn/product-p94107643.html?spid=180403353
172325259,273717,GOKING,"NEVER GIVE UP, mã G174. Áo thun nam nữ in chữ siêu đẹp. Áo phông thoát nhiệt GOKING hàng hiệu cao cấp",Áo thun nam ngắn tay không cổ,0,0,99000,99000,5.0,7,1000,1000,https://tiki.vn/product-p172325259.html?spid=208411236
22654030,205249,Nanjiren,Hộp 4 quần lót nam Boxer Nanjiren( quần sịp đùi ) hàng nhập câp cấp QL3,Root,165000,41,400000,235000,4.7,428,1000,1000,https://tiki.vn/product-p22654030.html?spid=22654036
272270710,246545,dokafashion,"Áo Khoác Da Nam, Áo Khoác Da Lót Dù Cổ Vest Siêu Ấm Mùa Thu Đông Cao Cấp Thời Trang DokaFashion EDD07",Áo khoác da nam,220000,39,569000,349000,5.0,4,1000,1000,https://tiki.vn/product-p272270710.html?spid=272270712
197603286,246545,dokafashion,"Áo Khoác Da Nam, Áo Khoác Da Lót Lông Siêu Ấm Mùa Thu Đông Phối Khóa Đồng Cao Cấp Thời Trang DokaFashion ELD14",Áo khoác da nam,280000,48,579000,299000,4.5,17,1000,1000,https://tiki.vn/product-p197603286.html?spid=197603288
164215460,111461,OEM,quần jean nam ống suôn co giãn,Root,0,0,99000,99000,4.6,14,1000,1000,https://tiki.vn/product-p164215460.html?spid=205293156
11203758,111461,OEM,Combo 4 Quần Sịp Đùi Boxer  Thông Hơi Thoáng Mát - Quần Lót Nam (Giao Màu Ngẫu Nhiên),Thời Trang,0,0,85000,85000,4.5,882,1000,1000,https://tiki.vn/product-p11203758.html?spid=11203760
146265626,740219,Jinrinteen,"Áo hoodie nỉ bông unisex Homies liền mũ có túi in hình UNFL, Áo hoodie unisex nam nữ nỉ Unfl Studio video thật tại Shop ,Áo nỉ bông ulzzang unisex nam nữ siêu đẹp, Áo khoác Nỉ Có Mũ Túi Bụng Phong Cách Hàn Quốc",Áo hoodies nam vải nỉ,0,0,100000,100000,5.0,47,1000,1000,https://tiki.vn/product-p146265626.html?spid=146265628
34328573,273717,GOKING,"Áo thun nam thoát nhiệt Nhật Bản GOKING, chất liệu tự nhiên 100% cotton thoáng mát, thấm hút mồ hôi",Thời Trang,0,0,159000,159000,4.8,166,1000,1000,https://tiki.vn/product-p34328573.html?spid=34328576
111560211,5003355,US ARMY,Quần Túi Hộp Nam Kaki Thời Trang Phong Cách Thể Thao US678 Chất Vải Kaki Cao Cấp Phong Cách Lính- HÀNG CHÍNH HÃNG,Quần kaki nam dài,329000,50,658000,329000,5.0,68,1000,1000,https://tiki.vn/product-p111560211.html?spid=174134395
92807600,221573,Amazing,"Quần short kaki Amazing, lưng thun có giây rút, vải kaki dày dặn, co giãn nhẹ, nhiều màu, có size lớn",Quần kaki nam ngắn,80000,33,239000,159000,4.5,32,1000,1000,https://tiki.vn/product-p92807600.html?spid=92807650
87267258,111461,OEM,Quần lót dùng 1 lần Procare Cotton Nam,Quần lót nam,0,0,32000,32000,4.7,3,1000,1000,https://tiki.vn/product-p87267258.html?spid=87267344
207343688,718933,ARADO FASHION,"Áo hoodie, áo sweater thời trang unisex, phong cách năng động, stye hàn quốc - FORMEN SHOP - GV",Áo hoodies nam vải nỉ,91000,48,190000,99000,0.0,0,1000,1000,https://tiki.vn/product-p207343688.html?spid=207343702
251268901,111461,OEM,Áo gile nam ARM-920,Thời trang nam,0,0,320000,320000,5.0,3,1000,1000,https://tiki.vn/product-p251268901.html?spid=251268909
74259828,111461,OEM,Áo Hoodie Nỉ Bông Trơn  Unisex 5 màu (nam nữ đều mặc được),Áo hoodies nam vải nỉ,0,0,85000,85000,4.5,121,1000,1000,https://tiki.vn/product-p74259828.html?spid=75553291
269849047,111461,OEM,"Quần đùi tập gym nam DO GYM SHOP thun poly không xù lông, thoáng mát, logo thêu",Quần thun nam ngắn,0,0,159000,159000,5.0,3,1000,1000,https://tiki.vn/product-p269849047.html?spid=269849049
125800026,159835,LADOS,"Áo khoác dù 2 mặt chống Nước LADOS - 2027 , Form đẹp, chống nắng, chống nước tốt",Áo khoác gió,150000,40,379000,229000,4.5,231,1000,1000,https://tiki.vn/product-p125800026.html?spid=125800042
74404407,221573,Amazing,"Quần jogger kaki nam cao cấp Amazing, sắc màu trẻ trung, phong cách thể thao cá tính, gấu quần bo chun, có big size",Quần jogger nam,110000,32,349000,239000,4.6,112,1000,1000,https://tiki.vn/product-p74404407.html?spid=74404416
168224759,159835,LADOS,"[COMBO 3 QUẦN] Quần Lót Nam Thun Lạnh Lados 4115 - Thun lụa co giãn 4 chiều, siêu mềm, siêu thoải mái",Quần lót nam,65000,46,140000,75000,4.8,48,1000,1000,https://tiki.vn/product-p168224759.html?spid=168224767
272396345,535627,5S,"Áo Polo Nam 5S FASHION, Chất Silk Mềm Mượt, Co Giãn, Thiết Kế Dệt Can Phối Cổ Áo, Trơn Basic, Dễ Phối (APC23065)",Áo thun nam ngắn tay có cổ,250000,52,479000,229000,0.0,0,1000,1000,https://tiki.vn/product-p272396345.html?spid=272396347
163149118,159835,LADOS,Áo Sơ Mi Trơn Vải Lụa Tay Ngắn Cho Nam LADOS - 8069,Áo sơ mi nam tay ngắn trơn,70000,35,199000,129000,4.7,99,1000,1000,https://tiki.vn/product-p163149118.html?spid=163149126
273365715,535627,5S,"Áo Thun Nam Tay Dài 5S FASHION Chất Cotton, Can Phối, Phom Regular Fit Thoải Mái, Trẻ Trung, Nổi Bật (ATO23003)",Áo thun nam dài tay,110000,46,239000,129000,5.0,1,1000,1000,https://tiki.vn/product-p273365715.html?spid=273365720
164081575,273717,GOKING,"Có đồng đội ta chấp hết, mã TB2. Áo thun Team Building đồng đội, lớp nhóm, công ty. Áo phông hàng hiệu Goking, quà tặng cao cấp cho nam nữ, cặp đôi, doanh nghiệp",Áo thun nam ngắn tay không cổ,0,0,69000,69000,4.6,12,1000,1000,https://tiki.vn/product-p164081575.html?spid=252860752
74419954,111461,OEM,Áo thun nam dài tay mã TT76 cổ tròn thu đông giữ ấm dáng thể thao giữ nhiệt đẹp kiểu nỉ chất vải đẹp   ,Áo thun nam dài tay,0,0,98000,98000,3.0,6,1000,1000,https://tiki.vn/product-p74419954.html?spid=138488278
172322104,273717,GOKING,"TOKYO, mã G159. Áo thun hàng hiệu GOKING, form unisex cho nam nữ, trẻ em, bé trai gái. Áo phông in hình chữ đẹp. Quà tặng cao cấp cho gia đình, cặp đôi, hội nhóm, doanh nghiệp",Áo thun nam ngắn tay không cổ,0,0,69000,69000,5.0,31,1000,1000,https://tiki.vn/product-p172322104.html?spid=248725580
191926050,111461,OEM,"Quần đùi nam thể thao vải gió siêu nhẹ, quần short nam vải gió cao cấp QD01 - PROMAN",Quần thun nam ngắn,0,0,80000,80000,3.8,9,1000,1000,https://tiki.vn/product-p191926050.html?spid=191926054
52311011,111461,OEM,"Áo Khoác Kaki Nam 2 Lớp Có Túi Trong, Áo Khoác Thời Trang Hàn Quốc",Thời Trang,0,0,185000,185000,3.9,183,1000,1000,https://tiki.vn/product-p52311011.html?spid=69461935
34148419,488103,MRM Manlywear,"Combo 3 Quần Sịp Đùi Nam Quần Lót Nam Boxer Sợi Tre Mềm Mịn Siêu Thoáng Mát, Co Giãn 4 Chiều  Cạp Nhỏ MRM FASHION",Root,60000,24,255000,195000,4.7,134,1000,1000,https://tiki.vn/product-p34148419.html?spid=34148421
79369713,4510553,Brave Person,"Quần Lót Nam, Quần Sịp Nam Cao Cấp - Chất Liệu Mềm Mịn Thoáng Mát - Thiết Kế Cạp Liền - Thương Hiệu Brave Person B1151",Quần lót nam,125000,48,260000,135000,4.7,18,1000,1000,https://tiki.vn/product-p79369713.html?spid=79379933
90885772,111461,OEM,"Quần JOGGER Kaki Nam Nữ Rằn Ri đủ 6 Màu Kiểu Bo Ống Hàn Quốc - Chất liệu vải dày dặn, mặc cực thoải mái 003 -Minhstore88",Quần jogger nam,0,0,89000,89000,1.0,1,1000,1000,https://tiki.vn/product-p90885772.html?spid=248495083
168273012,52304,iBasic,Combo 3 quần lót nam không đường may bonding trunk iBasic PANM104,Quần lót nam,162000,27,597000,435000,4.6,7,1000,1000,https://tiki.vn/product-p168273012.html?spid=168273014
118895371,734939,ADINO,Áo sơ mi nam tay dài ADINO màu trắng tinh vải sợi sồi modal dáng slimfit trẻ trung S302,Áo sơ mi nam tay dài trơn,71000,20,350000,279000,4.7,9,1000,1000,https://tiki.vn/product-p118895371.html?spid=118895373
201117314,111461,OEM,Quần Jogger ống rộng nam nữ nỉ cao cấp trẻ trung cá tính có 2 kiểu mặc suông và bo ống JO05 PROMAN,Root,0,0,83000,83000,0.0,0,1000,1000,https://tiki.vn/product-p201117314.html?spid=201117324
204008033,5381221,AZUKI,Combo Áo Điều Hoà Sưởi Ấm Chống Mưa Azuki Raincoat R05 + Pin 20000mah Mẫu Mới Nhất,Áo khoác phao nam,0,0,1490000,1490000,0.0,0,1000,1000,https://tiki.vn/product-p204008033.html?spid=204008035
75329276,224521,Doka,"Áo Polo Nam( Tặng 1 quần lót thái ) Pique Basic Co Giãn Thoáng Khí, combo 2 áo - DBM215",Áo thun nam ngắn tay có cổ,100000,42,239000,139000,4.7,161,1000,1000,https://tiki.vn/product-p75329276.html?spid=180396623
201117559,111461,OEM,"Quần Short Nam Mặc Nhà co dãn 4 chiều thấm hút mồ hôi, Quần đùi nam thể thao chất xốp Thái mềm mát QD02 - PROMAN",Root,0,0,54000,54000,0.0,0,1000,1000,https://tiki.vn/product-p201117559.html?spid=201117571
183731890,111461,OEM,"Áo sơ mi nam, Áo sơ mi dài tay phối vạt Bu Dông khỏe khoắn, cúc bấm mang trẻ trung lịch lãm H55",Áo sơ mi nam tay dài họa tiết,0,0,275000,275000,4.0,1,1000,1000,https://tiki.vn/product-p183731890.html?spid=183731892
21659759,111461,OEM,Áo Khoác da nam lót lông thu đông phối 2 túi AN63,Root,0,0,298000,298000,5.0,1,1000,1000,https://tiki.vn/product-p21659759.html?spid=46206915
151801517,111461,OEM,"QUẦN NGỦ NAM - CÓ TÚI 2 BÊN, CHẤT COTTON CO DÃN - Màu Trơn",Root,0,0,119000,119000,0.0,0,1000,1000,https://tiki.vn/product-p151801517.html?spid=151801589
43512493,618559,Nexx & Dee,Áo thun polo nam sọc ngang có cổ bẻ vải cá sấu cao cấp ND04,Thời Trang,0,0,155000,155000,4.2,22,1000,1000,https://tiki.vn/product-p43512493.html?spid=43512512
83813002,111461,OEM,ÁO BA LỖ NAM COTTON KIỂU DÁNG THỂ THAO NĂNG ĐỘNG,Áo thun nam ba lỗ,0,0,139000,139000,5.0,1,1000,1000,https://tiki.vn/product-p83813002.html?spid=83813004
100366352,494763,Fasvin,Quần lót nam Fasvin MSD09.HN vải cotton chun dày dặn mềm mại co giãn dễ chịu phom đẹp,Quần lót nam,0,0,99000,99000,0.0,0,1000,1000,https://tiki.vn/product-p100366352.html?spid=100366365
184899638,45784,Relax,"Quần lót nam boxer RLTK019 quần sịp nam thoáng mát mềm mại cao cấp, co giãn tốt, ôm gọn - RELAX",Quần lót nam,0,0,109000,109000,4.7,3,1000,1000,https://tiki.vn/product-p184899638.html?spid=184899679
141665125,111461,OEM,Áo len nam cổ lọ mẫu mới LNA13,Áo len dệt kim,0,0,270000,270000,5.0,1,1000,1000,https://tiki.vn/product-p141665125.html?spid=141665133
92137226,418935,KHATOCO ,Áo sơ mi nam tay ngắn form suông lai bằng họa tiết xanh Khatoco A1MN538T2-CNIN074-2009-N,Áo sơ mi nam tay ngắn họa tiết,0,0,538000,538000,4.8,56,1000,1000,https://tiki.vn/product-p92137226.html?spid=92137228
15992824,317963,N6,Áo Khoác Nam Áo Khoác Dù Nam 2 Lớp Cao Cấp-AD27,Thời Trang,111000,41,270000,159000,4.5,246,1000,1000,https://tiki.vn/product-p15992824.html?spid=15992826
49375048,618559,Nexx & Dee,Áo thun polo nam có cổ bẻ phối sọc ngang cá sấu cao cấp trẻ trung ND02,Thời Trang,0,0,149000,149000,4.2,219,1000,1000,https://tiki.vn/product-p49375048.html?spid=49375052
20518837,418935,KHATOCO ,Quần Kaki Nam Khatoco Q2M528S0-CNMA002-2006-0- Nâu Nhạt,Root,0,0,528000,528000,5.0,8,1000,1000,https://tiki.vn/product-p20518837.html?spid=20518870
242091139,535627,5S,"Áo Phông Nam 5S ABSTRACT Tay Ngắn, Chất Liệu Cotton USA, Mềm Mịn, Thoáng Mát, Thiết Kế In Đặc Biệt (TSO23009)",Áo thun nam ngắn tay không cổ,112000,49,229000,117000,5.0,9,1000,1000,https://tiki.vn/product-p242091139.html?spid=242091141
142781683,4807177,Micado,Áo len nam dài tay phối cổ tròn cao cấp mẫu mới hot trend 2023 Micado,Áo len dệt kim,0,0,249000,249000,4.5,27,1000,1000,https://tiki.vn/product-p142781683.html?spid=192934360
109408146,111461,OEM,{SIÊU PHẨM MÙA ĐÔNG} ÁO KHOÁC NAM /ÁO KHOÁC NAM NỈ NGOẠI LÓT LÔNG GIỮ NHIỆT SIÊU ẤM ÁP CHO MÙA ĐÔNG CÓ SIZE 3XL THỜI TRA,Root,0,0,189000,189000,3.9,143,1000,1000,https://tiki.vn/product-p109408146.html?spid=109410213
182710641,111461,OEM,Áo Khoác Dù Nam Chống Nắng Có Nón Hàn Quốc 2022,Root,0,0,185000,185000,5.0,3,1000,1000,https://tiki.vn/product-p182710641.html?spid=182710698
172120459,718933,ARADO FASHION,"Bộ 4 quần đùi nam, quần short mặc nhà kate caro nhiều màu , mềm mịn  - FORMEN SHOP- FMTT002",Quần thun nam ngắn,21000,13,160000,139000,4.6,108,1000,1000,https://tiki.vn/product-p172120459.html?spid=172120469
14847948,273717,GOKING,"Áo thun nam thoát nhiệt Nhật Bản GOKING siêu thoáng mát, áo phông nam cao cấp thấm hút mồ hôi, mặc như không mặc",Thời Trang,0,0,159000,159000,4.6,275,1000,1000,https://tiki.vn/product-p14847948.html?spid=14847950
201934333,488103,MRM Manlywear,Áo khoác gió nam chống nắng trượt nước cản gió cản bụi hiệu quả MRM Manlywear,Áo khoác gió,171000,44,390000,219000,5.0,77,1000,1000,https://tiki.vn/product-p201934333.html?spid=201934358
198939370,939827,AVIANO,Bộ Thể Thao Nam 3 Sọc Mùa Đông Da Cá Chéo Thời Trang Thiết Kế AVIANO,Đồ mặc nhà nam - Bộ dài,299000,50,598000,299000,4.5,12,1000,1000,https://tiki.vn/product-p198939370.html?spid=198939372
48275273,111461,OEM,( Ảnh thật ) COMBO 05 Quần đùi nam chất mềm mát (mẫu caro < 80kg ),Thời Trang,0,0,93000,93000,4.1,27,1000,1000,https://tiki.vn/product-p48275273.html?spid=77962821
186133766,5003355,US ARMY,"Quần Short Kaki Nam US ARMY, Quần Túi Hộp Nam Phong Cách Lính Chất Liệu KaKi Cao Cấp, Kiểu Dáng Trẻ Trung Năng Động -HÀNG CHÍNH HÃNG",Quần kaki nam ngắn,299000,50,598000,299000,4.7,65,1000,1000,https://tiki.vn/product-p186133766.html?spid=186133768
47207912,618559,Nexx & Dee,Áo sơ mi nam tay ngắn vải Oxford cao cấp phù hợp công sở trắng ND014,Thời Trang,0,0,219000,219000,4.7,56,1000,1000,https://tiki.vn/product-p47207912.html?spid=47207938
81825319,111461,OEM,Quần đùi nam mặc ở nhà quần thun lạnh mềm mát hút mồ hôi tốt size 50-80kg,Quần thun nam ngắn,0,0,24000,24000,4.5,77,1000,1000,https://tiki.vn/product-p81825319.html?spid=105374361
101657805,111461,OEM,Áo Khoác Dạ Nam Hàn Quốc Dáng Dài Áo Măng Tô Nam Hàn Quốc Sans01 Sans Shop,Root,0,0,399000,399000,4.5,23,1000,1000,https://tiki.vn/product-p101657805.html?spid=204009158
196467846,183621,VICCI,"Áo Lót Nam Dệt Kim Đông Xuân Cộc Tay Vicci Màu Trắng, Vải Sợi Cotton Mềm Mịn, Co Giãn, Thấm Hút Mồ Hôi, Siêu Thoáng Mát",Áo thun nam ngắn tay không cổ,15000,19,80000,65000,4.8,12,1000,1000,https://tiki.vn/product-p196467846.html?spid=196467854
131568047,618559,Nexx & Dee,Áo sơ mi nam tay dài màu trắng công sở vải cotton lụa trẻ trung niên đi tiệc cưới cao cấp Nexx&Dee SM09,Áo sơ mi nam tay dài trơn,0,0,219000,219000,5.0,5,1000,1000,https://tiki.vn/product-p131568047.html?spid=131568049
20521578,418935,KHATOCO ,Áo Sơ Mi Nam Tay Ngắn Khatoco A1MN538T1-CNCR117-2010-N - Hồng,Root,0,0,538000,538000,5.0,43,1000,1000,https://tiki.vn/product-p20521578.html?spid=20521583
271592145,535627,5S,"Quần Short Kaki Nam 5S FASHION, Chất Cotton, Cạp Giấu Cúc, Tinh Tế, Thiết Kế Basic, Lịch Sự (QSK23029)",Quần kaki nam ngắn,240000,53,449000,209000,4.2,5,1000,1000,https://tiki.vn/product-p271592145.html?spid=271592149
243047494,418935,KHATOCO ,Áo Thun Nam Khatoco A2MN398R2-VNSC210-2411-N,Áo thun nam ngắn tay có cổ,0,0,398000,398000,5.0,5,1000,1000,https://tiki.vn/product-p243047494.html?spid=243047496
81513561,46674,Zero,Quần Kaki Nam Chất Cao Cấp Siêu nhẹ Dáng Âu ZERO Phong Cách Công Sở,Quần kaki nam dài,139000,41,338000,199000,4.0,135,1000,1000,https://tiki.vn/product-p81513561.html?spid=81513567
136157116,111461,OEM,"Áo phông nam, áo thun nam có cổ tay ngắn vải thun cotton 100% mặc thoáng mát - ATN04",Áo thun nam ngắn tay có cổ,0,0,83000,83000,4.5,12,1000,1000,https://tiki.vn/product-p136157116.html?spid=190548070
199519478,159835,LADOS,"Quần Jeans nam trơn cao cấp form đứng LADOS-4084 co giãn, không ra màu, hàng chính hãng",Quần jeans nam dài,164000,37,449000,285000,4.6,15,1000,1000,https://tiki.vn/product-p199519478.html?spid=199519549
140523294,111461,OEM,Quần Tây Âu Nam - dáng hàn quốc Slim Fit không đường ly vải co giãn form ôm,Quần tây nam,0,0,99000,99000,3.8,52,1000,1000,https://tiki.vn/product-p140523294.html?spid=164557486
114446808,221573,Amazing,"Quần tây nam màu xanh đen, ống đứng, không ly, đồng phục học sinh, công sở, thương hiệu Amazing, có size 100kg",Quần tây nam,100000,32,309000,209000,4.8,26,1000,1000,https://tiki.vn/product-p114446808.html?spid=114446814
198381579,418935,KHATOCO ,Quần tây nam không ly Khatoco Q1M428R0-INMA037-2111-0-XÁM NHẠT VẢI GÂN,Quần tây nam,0,0,428000,428000,5.0,6,1000,1000,https://tiki.vn/product-p198381579.html?spid=198381593
96594332,317963,N6,Áo Khoác Big Size Unisex Áo Khoác Dù Nam Chống Nước Nhẹ Chống Nóng Chống Lạnh Chống Gió Chống Tia UV Có Nón Thời Trang Nam Tính Hàn Quốc Cao Cấp AD75 - ShopN6,Áo khoác gió,11000,5,210000,199000,3.9,27,1000,1000,https://tiki.vn/product-p96594332.html?spid=96594334
73456416,317963,N6,Áo Khoác Nam Big Size Áo Khoác Kaki Nam Hai Lớp Big Size Chống Lạnh Chống Nắng Chống Gió Hàn Quốc Cao Cấp WK35 - ShopN6 (Nhiều Màu),Áo khoác bomber nam,92000,35,260000,168000,4.1,110,1000,1000,https://tiki.vn/product-p73456416.html?spid=73456438
272394470,535627,5S,"Áo Polo Nam 5S FASHION (6 Màu), Chất Liệu Freezing Siêu Nhẹ, Mát, Thoáng Khí, Thiết Kế Dệt Bo Hiệu Ứng, Thêu Chữ Nổi (APC23055)",Áo thun nam ngắn tay có cổ,192000,49,389000,197000,5.0,1,1000,1000,https://tiki.vn/product-p272394470.html?spid=272394476
132234215,618559,Nexx & Dee,Áo khoác gió nam vải dù lót caro Nexx&Dee có size lớn big size trẻ trung niên AK01,Áo khoác gió,0,0,269000,269000,4.8,17,1000,1000,https://tiki.vn/product-p132234215.html?spid=132234219
78923837,111461,OEM,"Hộp 5 Quần Lót Nam nhiều lưng hiệu CITYMEN vải thun lạnh co giãn 4 chiều màu ngẫu nhiên, sịp nam - LMTK-MULTIAL",Quần lót nam,0,0,75000,75000,4.6,99,1000,1000,https://tiki.vn/product-p78923837.html?spid=261802707
272411700,535627,5S,"Áo Polo Nam 5S FASHION PELIABLE, Chất Cotton Mềm Mát, Thấm Hút Tốt, Thiết Kế In Phối Màu Nổi Bật (APC23082)",Áo thun nam ngắn tay có cổ,216000,53,409000,193000,5.0,2,1000,1000,https://tiki.vn/product-p272411700.html?spid=272411704
197603813,246545,dokafashion,"Áo Khoác Da Nam, Áo Khoác Da Lót Lông Bo Tay Siêu Ấm Phối Khóa Đồng Cao Cấp Thời Trang Dokafashion EZAD30",Áo khoác da nam,280000,48,579000,299000,4.7,20,1000,1000,https://tiki.vn/product-p197603813.html?spid=197603815
74238547,111461,OEM,Quần thể thao nam jogger kaki mã TT33 thô túi hộp kiểu bó ống Hàn Quốc chất vải đẹp ống dài,Quần jogger nam,0,0,125000,125000,4.2,145,1000,1000,https://tiki.vn/product-p74238547.html?spid=74544000
104109417,219929,CITYMEN,"Hộp 5 Quần Lót Nam lưng Hàn Quốc hiệu CITYMEN vải cotton co giãn 4 chiều cao cấp, sịp nam - LMTK-HANAC",Quần lót nam,59000,31,190000,131000,4.5,109,1000,1000,https://tiki.vn/product-p104109417.html?spid=104109423
104904605,317963,N6,Quần short nam big size quần sọt nam thể thao quần đùi nam mặc nhà quần thun nam cotton 4 chiều co giãn cao cấp ShopN6 - TSB2,Quần thun nam ngắn,31000,34,90000,59000,4.2,108,1000,1000,https://tiki.vn/product-p104904605.html?spid=104904607
44895107,618559,Nexx & Dee,Áo thun polo nam có cổ bẻ phối sọc ngang vải vải cá sấu cao cấp ND02,Thời Trang,0,0,155000,155000,4.6,45,1000,1000,https://tiki.vn/product-p44895107.html?spid=44895117
133821238,219929,CITYMEN,"Combo 5 Quần Lót Nam Boxer Cotton Lưng Thái Cao Cấp, Quần Sịp Đùi Nam Co Giãn 4 Chiều CITYMEN - ( Màu Ngẫu Nhiên )",Quần lót nam,0,0,230000,230000,4.6,175,1000,1000,https://tiki.vn/product-p133821238.html?spid=133821242
29905248,111461,OEM,Áo sơ mi nam trắng trơn cao cấp 100% Cotton hàng QUẢNG CHÂU,Thời Trang,0,0,78000,78000,4.5,130,1000,1000,https://tiki.vn/product-p29905248.html?spid=270145746
114536014,52304,iBasic,Combo 3 quần lót nam thun boxer Espresso iBasic PANM103,Quần lót nam,69000,23,297000,228000,5.0,6,1000,1000,https://tiki.vn/product-p114536014.html?spid=114536017
54713517,718933,ARADO FASHION,"Áo hoodie trơn màu đen thời trang trẻ trung, năng động - FORMENSHOP - FM5GV016",Thời Trang,71000,34,210000,139000,4.5,158,1000,1000,https://tiki.vn/product-p54713517.html?spid=54713521
172283135,273717,GOKING,"PARIS, mã G108. Áo phông GOKING hàng hiệu, form unisex cho nam nữ, trẻ em, bé trai gái. Áo thun in hình siêu đẹp, quà tặng cao cấp cho gia đình, cặp đôi, hội nhóm, doanh nghiệp.",Áo thun nam ngắn tay không cổ,0,0,69000,69000,4.8,40,1000,1000,https://tiki.vn/product-p172283135.html?spid=248763932
273275583,535627,5S,"Bộ Quần Áo Nỉ Nam Tay Dài 5S FASHION, Chất Liệu Cotton Cao Cấp, Dày Dặn, Mềm Mịn, Thiết Kế Basic, Co Giãn, Năng Động (BNI23019)",Đồ mặc nhà nam - Bộ dài,319000,44,718000,399000,0.0,0,1000,1000,https://tiki.vn/product-p273275583.html?spid=273275609
30763873,418935,KHATOCO ,Quần short kaki nam Khatoco Q3M378R0-VNIN002-2011-019,Quần kaki nam ngắn,0,0,378000,378000,4.8,26,1000,1000,https://tiki.vn/product-p30763873.html?spid=30763877
91861046,418935,KHATOCO ,Áo sơ mi nam tay dài form slim ôm sọc xanh Khatoco A1MD388S1-THSC039-2009-D,Áo sơ mi nam tay dài họa tiết,0,0,388000,388000,5.0,26,1000,1000,https://tiki.vn/product-p91861046.html?spid=91861050
30030737,418935,KHATOCO ,Quần Khaki Nam Không Ply Ống Ôm Khatoco Q2M528S0-VNMA002-1811-0004,Thời Trang,0,0,528000,528000,4.8,62,1000,1000,https://tiki.vn/product-p30030737.html?spid=30030739
203945886,5381221,AZUKI,"Áo Sưởi Ấm Azuki Raincoat R05 Chống Mưa Siêu Tốt, Pin 20000mah Chạy 10~15 Tiếng, Mới Nhất 2023, Bảo Hành 12 Tháng",Áo khoác phao nam,0,0,1150000,1150000,5.0,2,1000,1000,https://tiki.vn/product-p203945886.html?spid=203945948
80885842,191899,VICERO,Quần Đùi Nam Kaki 6 Màu Trẻ Trung Phong Cách Hàn Quốc VICERO ,Quần kaki nam ngắn,79000,33,238000,159000,4.5,520,1000,1000,https://tiki.vn/product-p80885842.html?spid=80885844
58221635,618559,Nexx & Dee,Quần jogger nam kaki Nexx&Dee vải kaki bố công sở đi chơi cao cấp QD01,Thời Trang,0,0,229000,229000,4.5,80,1000,1000,https://tiki.vn/product-p58221635.html?spid=58221637
20574575,418935,KHATOCO ,Áo Sơ Mi Nam Tay Dài Khatoco A1MD468S1-CNIN071-2009-D - Xanh,Root,0,0,468000,468000,0.0,0,1000,1000,https://tiki.vn/product-p20574575.html?spid=20574579
215072353,111461,OEM,"siêu phẩm áo khoác nam thiết kế phong cách sơ mi cực chất, phom áo ôm vừa phải tôn dáng dầy nam tính và năng động - H30",Áo khoác gió,155750,35,445000,289250,5.0,1,1000,1000,https://tiki.vn/product-p215072353.html?spid=215072359
29641000,111461,OEM,Áo sơ mi nam cổ trụ cài hết cúc ,Thời Trang,0,0,159000,159000,4.7,17,1000,1000,https://tiki.vn/product-p29641000.html?spid=29641002
220668927,224521,Doka,Quần kaki dài nam ( Tặng 1 dây nịt da cao cấp )  chất vải mềm mịn chống nhăn co giãn chuẩn phong cách thời trang Doka DKMQKK01,Quần kaki nam dài,50000,20,249000,199000,4.6,33,1000,1000,https://tiki.vn/product-p220668927.html?spid=220668929
95052893,317963,N6,Quần short nam big size quần sọt nam thể thao chống nóng quần đùi nam mặc nhà quần thun nam cotton 4 chiều co giãn cao cấp WSB2 ,Quần thun nam ngắn,46000,40,115000,69000,4.5,265,1000,1000,https://tiki.vn/product-p95052893.html?spid=203760060
272571401,939827,AVIANO,"Áo Khoác Nam AVIANO Cao Cấp Chống Nước,Chống Gió, Kháng Bụi Tốt, Chống Nắng.Áo Khoác Gió Nam Có Mũ 2 Lớp",Áo khoác gió,200000,44,450000,250000,0.0,0,1000,1000,https://tiki.vn/product-p272571401.html?spid=272571403
30685141,418935,KHATOCO ,Áo Sơ Mi Nam Tay Dài Form Slim Khatoco A1MD468S1-CNMK017-2011-D,Root,0,0,468000,468000,5.0,5,1000,1000,https://tiki.vn/product-p30685141.html?spid=30685143
196033255,111461,OEM,Áo sơ mi nam form rộng tay dài kiểu trẻ trung hàn quốc chất lụa mềm mịn mát ít nhăn- MRD04,Áo sơ mi nam tay dài trơn,105000,50,210000,105000,5.0,3,1000,1000,https://tiki.vn/product-p196033255.html?spid=196033257
52339542,111461,OEM,Áo sơ mi nam dài tay màu trắng không túi vải mềm mịn không nhăn,Thời Trang,0,0,68000,68000,4.5,97,1000,1000,https://tiki.vn/product-p52339542.html?spid=71087036
4027231,111461,OEM,Áo Khoác Dù Nam Phối Dây Kéo - K2015,Thời Trang,0,0,124000,124000,3.9,114,1000,1000,https://tiki.vn/product-p4027231.html?spid=47686398
115832681,111461,OEM,"[SALE SỐC] Áo khoác blazer nam ,áo vest nam balzer nam phong cách Hàn Quốc - DUKI STORE",Bộ vest nam,0,0,359000,359000,4.5,104,1000,1000,https://tiki.vn/product-p115832681.html?spid=115832683
201117677,111461,OEM,"Áo phông nam dài tay cổ tròn chất cotton tổ ong, Áo thun nam chất xốp Thái co dãn 4 chiều AD01 - PROMAN",Root,0,0,72000,72000,0.0,0,1000,1000,https://tiki.vn/product-p201117677.html?spid=201117705
272422574,535627,5S,"Áo Polo Nam 5S FASHION, Chất Lụa, Thiết Kế Dệt Bo Hiệu Ứng, Thêu Sang Trọng, Lịch Lãm (APC23094)",Áo thun nam ngắn tay có cổ,242000,48,499000,257000,4.5,2,1000,1000,https://tiki.vn/product-p272422574.html?spid=272422576
213724194,111461,OEM,"[HOT TREND] Áo giữ nhiệt nam dài tay, áo thu đông cho nam cổ 3 cm, hàng cao cấp PL",Áo thun nam dài tay,5000,11,45000,40000,1.0,1,1000,1000,https://tiki.vn/product-p213724194.html?spid=213724196
162714939,718933,ARADO FASHION,"Áo khoác nam, áo chống nắng cao cấp, chất vải nhẵn mịn, thấm hút mồ hôi - FORMEN SHOP - FM1THT024",Áo khoác gió,86000,40,215000,129000,4.1,10,1000,1000,https://tiki.vn/product-p162714939.html?spid=162714941
249215436,111461,OEM,Quần Kaki túi hộp nam trung niên - Quần Jogger kaki vải dày dặn full size,Quần jogger nam,0,0,179000,179000,4.6,7,1000,1000,https://tiki.vn/product-p249215436.html?spid=249215438
9730171,219929,CITYMEN,"Combo 10 Quần Lót Nam nhiều lưng vải cotton 2 chiều hiệu CITYMEN, màu ngẫu nhiên, sịp nam - LMTK-MULTI2C",Thời Trang,81000,45,180000,99000,4.5,583,1000,1000,https://tiki.vn/product-p9730171.html?spid=9730173
47258195,111461,OEM,ÁO VEST NAM CAO CẤP V2558112,Root,0,0,189000,189000,4.2,13,1000,1000,https://tiki.vn/product-p47258195.html?spid=76150926
73570874,111461,OEM,Áo Thun Nam Cổ Tròn Nhiều Màu,Áo thun nam ngắn tay không cổ,0,0,45000,45000,0.0,0,1000,1000,https://tiki.vn/product-p73570874.html?spid=162765177
251566557,273717,GOKING,"NEVER SAY GAME OVER, NEW GAME LOADING, mã G153. Hãy tỏa sáng như kim cương, qua chiếc áo thun Goking siêu hot cho nam nữ trẻ em, cặp đôi, gia đình, đội nhóm",Áo thun nam ngắn tay không cổ,0,0,69000,69000,5.0,1,1000,1000,https://tiki.vn/product-p251566557.html?spid=251566581
271529139,939827,AVIANO,"Quần Tây Nam AVIANO Có Bộ Chỉnh Cạp, Quần Âu Nam Công Sở Chất Kaki",Quần tây nam,111000,32,350000,239000,4.0,1,1000,1000,https://tiki.vn/product-p271529139.html?spid=271529141
7175397,111461,OEM,Bộ 4 Quần Sịp Tam Giác Nam Nhật Bản (Nhiều màu) - 5Star,Thời Trang,0,0,85000,85000,3.7,12,1000,1000,https://tiki.vn/product-p7175397.html?spid=7175417
184327303,240279,Owen,OWEN - Quần âu nam màu ĐEN dáng regular cạp tăng đơ co dãn,Quần tây nam,65000,10,650000,585000,5.0,3,1000,1000,https://tiki.vn/product-p184327303.html?spid=184327335
251572799,273717,GOKING,"Think Outside The Box, mã G282. Áo thun siêu đẹp cho cả gia đình. Form unisex cho nam nữ, trẻ em, bé trai gái. Quà tặng ý nghĩa cho bố mẹ, con cái, bạn bè, doanh nghiệp, hội nhóm. Áo phông hàng hiệu Goking cao cấp in hình chữ 3D",Áo thun nam ngắn tay không cổ,0,0,69000,69000,0.0,0,1000,1000,https://tiki.vn/product-p251572799.html?spid=251572821
132097555,111461,OEM,Áo Đồng Phục Đầu Bếp Màu Đen Tay Ngắn,Áo sơ mi nam tay ngắn trơn,0,0,97000,97000,4.7,11,1000,1000,https://tiki.vn/product-p132097555.html?spid=132097557
72885407,111461,OEM,Áo thun tay dài form rộng unisex - áo sweater sọc lost xẻ tà,Thời trang nam,51000,46,110000,59000,4.6,16,1000,1000,https://tiki.vn/product-p72885407.html?spid=72885411
169111704,718933,ARADO FASHION,"Combo 3 quần lót nam x-men, lưng quàn bản vừa, chất vải thấm hút mồ hôi - FORMEN SHOP - FM3QS005",Quần lót nam,51000,34,150000,99000,3.5,2,1000,1000,https://tiki.vn/product-p169111704.html?spid=169111706
259537213,146067,Vĩnh Tiến,Áo Sơ Mi Họa Tiết Ngắn Tay Bamboo Regular Fit 425 Vĩnh Tiến - Nhiều Màu,Áo sơ mi nam tay ngắn họa tiết,0,0,425000,425000,0.0,0,1000,1000,https://tiki.vn/product-p259537213.html?spid=259537223
198518327,418935,KHATOCO ,Áo thun nam tay ngắn Khatoco A2MN418R2-VNMK019-2403-N-XANH DƯƠNG,Áo thun nam ngắn tay có cổ,0,0,418000,418000,5.0,4,1000,1000,https://tiki.vn/product-p198518327.html?spid=198518329
31638205,488103,MRM Manlywear,Combo 4 quần lót nam cạp 1cm sợi tre Bamboo tự nhiên mềm mịn thấm hút mồ hôi - Màu Ngẫu nhiên,Root,71000,24,300000,229000,4.7,312,1000,1000,https://tiki.vn/product-p31638205.html?spid=31638220
163895036,5402543,SOMIANTON,Áo Sơ Mi Nam Trắng Ngắn Tay Công Sở Trung Niên Thương Hiệu Anton Vải Nano SRN01,Áo sơ mi nam tay ngắn trơn,115000,30,380000,265000,0.0,0,1000,1000,https://tiki.vn/product-p163895036.html?spid=163895040
205226439,361817,Tsimple,Áo Thể Thao Nam cổ tròn tay ngắn tập gym vải thun lạnh thoáng mát co giãn chuẩn form MSSAHS,Áo thun nam ngắn tay không cổ,54000,36,149000,95000,4.8,38,1000,1000,https://tiki.vn/product-p205226439.html?spid=205226441
67903869,111461,OEM,"Quần Âu nam Đen Vải Chéo Loại Đẹp,Quần Tây Nam co dãn không nhăn dáng hàn quốc",Root,0,0,88000,88000,4.2,146,1000,1000,https://tiki.vn/product-p67903869.html?spid=74603951
104207558,111461,OEM,"Quần âu nam ống côn thêu họa tiết vải lụa co giãn,quần tây nam không nhăn không xù 3 màu(QATO)",Root,0,0,110000,110000,3.5,39,1000,1000,https://tiki.vn/product-p104207558.html?spid=144295404
273282306,535627,5S,"Áo Sweater Nỉ Nam 5S FASHION Cổ Tròn Cotton, Thiết Kế In Trẻ Trung, Vải Dệt Hiệu Ứng Ô Vuông Nổi Phong Cách (ANO23017)",Áo nỉ nam,155000,35,449000,294000,0.0,0,1000,1000,https://tiki.vn/product-p273282306.html?spid=273282308
144162512,79991,Aristino,"Combo 3 quân sịp đùi nam, set 3 quần lót boxer nam Aristino chất liệu cotton kháng khuẩn, khử mùi, co giãn 4 chiều thấm hút mồ hôi cực tốt ABX03707",Quần lót nam,0,0,330000,330000,0.0,0,1000,1000,https://tiki.vn/product-p144162512.html?spid=152317804
68354319,111461,OEM,Áo khoác dù 2 mặt thời trang nam M.O.N Boutique,Thời Trang,0,0,105000,105000,4.0,58,1000,1000,https://tiki.vn/product-p68354319.html?spid=71004810
73335809,317963,N6,Áo Khoác Nam Big Size Áo Khoác Dù Nam Cổ Cao Chống Lạnh Chống Gió Chống Nắng Tia UV Cao Cấp Nam Tính Hàn Quốc QM19 - ShopN6 (Nhiều Màu),Áo khoác gió,86000,34,255000,169000,4.1,81,1000,1000,https://tiki.vn/product-p73335809.html?spid=73335821
272912974,535627,5S,"Bộ Quần Áo Nam Dài Tay 5S FASHION (4 Màu), Chất Nỉ Cotton Dày Dặn, Phom Slimfit, Trơn Basic, Màu Sắc Dễ Mặc (BNI23400)",Đồ mặc nhà nam - Bộ dài,248000,30,838000,590000,5.0,2,1000,1000,https://tiki.vn/product-p272912974.html?spid=272912986
201384530,159835,LADOS,"Áo khoác dạ nam phong cách Hàn Quốc cao cấp LADOS-2061 ấm áp, sang trọng, dễ phối đồ",Áo khoác nỉ,331000,47,700000,369000,4.0,2,1000,1000,https://tiki.vn/product-p201384530.html?spid=201384556
272654497,535627,5S,"Bộ Quần Áo Dài Tay Nam 5S FASHION, Chất Nỉ Cotton, Thiết Kế In Khỏe Khoắn, Năng Động (BNI23003)",Đồ mặc nhà nam - Bộ dài,288000,29,978000,690000,0.0,0,1000,1000,https://tiki.vn/product-p272654497.html?spid=272654502
53721207,618559,Nexx & Dee,Áo sơ mi caro nam tay dài kẻ sọc vải Oxford cao cấp trắng phù hợp công sở Nexx & Dee 02 ,Áo sơ mi nam tay dài họa tiết,0,0,229000,229000,4.5,71,1000,1000,https://tiki.vn/product-p53721207.html?spid=53721235
143599914,79991,Aristino,"Áo thun ba lỗ nam, áo basic Aristino AC-21 màu trắng, chất liệu 100% cotton thấm hút mồ hôi cực thoáng mát, phù hợp thể dục, thể thao, mặc lót bên trong.",Áo thun nam ba lỗ,0,0,95000,95000,4.7,87,1000,1000,https://tiki.vn/product-p143599914.html?spid=143599920
30684956,418935,KHATOCO ,Áo Sơ Mi Nam Tay Dài Khatoco A1MD360T1-VNMA007-2010-D,Root,0,0,360000,360000,5.0,6,1000,1000,https://tiki.vn/product-p30684956.html?spid=30684958
273121056,111461,OEM,QUẦN JEAN TRUNG NIÊN ỐNG SUÔNG CO GIÃN TG,Quần jeans nam dài,0,0,270000,270000,0.0,0,1000,1000,https://tiki.vn/product-p273121056.html?spid=273121058
193981069,261801,Leman,Quần Jean nam Leman đen mài xám JD14 - Slim Form,Quần jeans nam dài,79000,14,549000,470000,5.0,13,1000,1000,https://tiki.vn/product-p193981069.html?spid=193981071
241732244,535627,5S,"Quần Short Kaki Nam 5S PREMIUM, Chất Cotton Kaki Mềm, Thấm Hút, Mát, Giữ Phom, Thiết Kế In Họa Tiết Trẻ Trung (QSK23006)",Quần kaki nam ngắn,211000,48,439000,228000,4.6,8,1000,1000,https://tiki.vn/product-p241732244.html?spid=241732256
71168734,294011,SITAKI,Áo thun nam ngắn tay cổ tim body thời trang SITAKI cao cấp ATN06,Thời trang nam,0,0,80000,80000,4.2,103,1000,1000,https://tiki.vn/product-p71168734.html?spid=71168742
151783405,111461,OEM,Áo sơ mi khoác ngoài form rộng unisex - somi nam nữ oversize số 7,Áo sơ mi nam tay dài họa tiết,56000,26,215000,159000,0.0,0,1000,1000,https://tiki.vn/product-p151783405.html?spid=151783407
177713136,111461,OEM,Đồ Bộ Pijama Nam Pijma Pilama Trung Niên Cho Ba Ông Già Đồ Bộ Ngủ Mặc Nhà Tay Dài Thoải Mái 100% Cotton,Root,0,0,179000,179000,4.7,6,1000,1000,https://tiki.vn/product-p177713136.html?spid=177713138
124638185,159835,LADOS,"Quần tây nam chất lượng LADOS - 327, chất vải dày dặn co giãn nhẹ, form slimfit",Quần tây nam,100000,33,299000,199000,4.5,27,1000,1000,https://tiki.vn/product-p124638185.html?spid=124638201
74451769,4245255,Vidona Luxy. Lengend,"ÁO PHAO NAM SIÊU NHẸ, LOẠI CÓ MŨ THÁO RỜI - ÁO PHAO NAM LÓT BÔNG SIÊU NHẸ ( ÁO LÔNG VŨ, ÁO KHOÁC LÔNG VŨ)",Áo khoác phao nam,250000,31,800000,550000,4.5,27,1000,1000,https://tiki.vn/product-p74451769.html?spid=76166530
81141012,4469177,Chandi,"Quần Jean Nam cao cấp chất bò siêu co dãnThương Hiệu Chandi, form đứng dáng đẹp mẫu mới siêu hot MR9031",Quần jeans nam dài,0,0,169000,169000,4.5,162,1000,1000,https://tiki.vn/product-p81141012.html?spid=81141016
169331344,4807177,Micado,Áo chống nắng nam sọc tay mới 5 màu thun lạnh thoáng mát chống tia UV cao cấp Micado,Áo khoác gió,0,0,180000,180000,5.0,21,1000,1000,https://tiki.vn/product-p169331344.html?spid=169331346
32901964,111461,OEM,Hộp 4 quần lót nam tam giác cao cấp,Thời Trang,0,0,67900,67900,4.5,132,1000,1000,https://tiki.vn/product-p32901964.html?spid=52277369
176663149,273717,GOKING,"Áo khoác dù cách nhiệt GOKING cho nam nữ, áo khoác gió hàng hiệu Việt Nam cao cấp, chống gió lạnh, giữ ấm cơ thể",Áo khoác gió,0,0,222000,222000,4.8,60,1000,1000,https://tiki.vn/product-p176663149.html?spid=176663151
58487752,618559,Nexx & Dee,Quần tây âu nam vải cao cấp phù hợp công sở ND01,Thời Trang,0,0,229000,229000,4.7,27,1000,1000,https://tiki.vn/product-p58487752.html?spid=58487756
213531812,718933,ARADO FASHION,"Quần boxer, quần lót nam thiết kế lưới li ti, chất vải thấm hút mồ hôi tốt(1 chiếc) - FORMEN SHOP - FM1QS020",Quần lót nam,11000,18,60000,49000,4.5,2,1000,1000,https://tiki.vn/product-p213531812.html?spid=213531814
104064631,111461,OEM,"Quần Jean Nam, Quần Bò Nam Phong Cách Thời Trang Trẻ Trung ms28",Quần jeans nam dài,0,0,145000,145000,3.4,9,1000,1000,https://tiki.vn/product-p104064631.html?spid=104064757
251773296,488103,MRM Manlywear,"Áo thun Polo Nam Coolmax - Premium nam tính, thanh lịch sang trọng MRM Manlywear",Áo thun nam ngắn tay có cổ,181000,40,450000,269000,5.0,18,1000,1000,https://tiki.vn/product-p251773296.html?spid=251773302
263337894,111461,OEM,"Áo khoác nam, áo khoác thiết kế kiểu vest chất liệu len dệt kim cao cấp dẫn đầu xu hướng thời trang Hàn T5",Áo cardigan nam,0,0,350000,350000,0.0,0,1000,1000,https://tiki.vn/product-p263337894.html?spid=263337896
20124280,248413,Haint Boutique,Quần nam ống rộng lưng thun bản lớn chất liệu đũi cao cấp 123,Thời Trang,0,0,149000,149000,2.5,4,1000,1000,https://tiki.vn/product-p20124280.html?spid=59176589
136541961,111461,OEM,BỘ ĐỒ NỈ COTTON DÀI NAM THU ĐÔNG,Đồ mặc nhà nam - Bộ dài,0,0,269000,269000,4.8,4,1000,1000,https://tiki.vn/product-p136541961.html?spid=136541963
76705881,111461,OEM,quần jean nam big size 90kg co giãn hàng đẹp form xuất khẩu,Quần jeans nam dài,0,0,99000,99000,3.9,94,1000,1000,https://tiki.vn/product-p76705881.html?spid=136173270
52251333,224521,Doka,"Áo Thun Nam Cổ Bẻ, Cổ Trụ, Thương Hiệu DOKA, 4 Chiều Cao Cấp ( 8 Màu) ,thiết kế, tay ngắn, trẻ trung, khỏe khoắn, đường may tỉ mỉ",Thời Trang,66000,49,135000,69000,4.6,49,1000,1000,https://tiki.vn/product-p52251333.html?spid=180399111
137611546,361817,Tsimple,Áo Thun Thể Thao Nam TSIMPLE cổ tròn tay ngắn tập gym vải thun lạnh thoáng mát co giãn chuẩn form MSSAHRBC,Áo thun nam ngắn tay không cổ,40000,27,149000,109000,4.5,39,1000,1000,https://tiki.vn/product-p137611546.html?spid=137611548
85086930,111461,OEM,Áo sơ mi nam vải cotton mềm không nhăn-Quà tặng,Áo sơ mi nam tay dài trơn,0,0,105000,105000,0.0,0,1000,1000,https://tiki.vn/product-p85086930.html?spid=248523180
160884085,273717,GOKING,"Gia đình là số 1, mã LV2. Áo thun hàng hiệu GOKING, form unisex cho nam nữ, trẻ em, bé trai gái. Áo phông in hình chữ đẹp. Quà tặng cao cấp cho gia đình, cặp đôi, hội nhóm, doanh nghiệp",Áo thun nam ngắn tay không cổ,0,0,69000,69000,5.0,8,1000,1000,https://tiki.vn/product-p160884085.html?spid=252862678
167483401,561415,	OEM,Áo thun nam G-Mark Gunze 5020 (áo ba lỗ size S -M -L -XL) màu trắng.,Áo thun nam ba lỗ,0,0,77000,77000,4.8,5,1000,1000,https://tiki.vn/product-p167483401.html?spid=167483411
101656132,111461,OEM,Áo Khoác Dạ Nam Dáng Ngắn Áo Dạ Nam Hàn Quốc Dáng Vừa Sans Shop Sans08,Root,0,0,529000,529000,4.8,8,1000,1000,https://tiki.vn/product-p101656132.html?spid=202498172
23464722,111461,OEM,Quần jogger thun trơn nam (Đen),Thời Trang,0,0,78000,78000,4.5,2,1000,1000,https://tiki.vn/product-p23464722.html?spid=77968217
67294320,111461,OEM,"Quần đùi thái, quần nam mặc ở nhà",Root,0,0,27000,27000,3.8,14,1000,1000,https://tiki.vn/product-p67294320.html?spid=67294330
273289173,535627,5S,"Áo Thun Nam Tay Dài 5S FASHION, Chất Viscose, In Chữ Trẻ Trung, Phom Regular Thoải Mái, Dễ Chịu (ATO23012)",Áo thun nam dài tay,85000,29,289000,204000,0.0,0,1000,1000,https://tiki.vn/product-p273289173.html?spid=273289177
21601483,111461,OEM,Combo 4 quần lót nam quần sịp tam giác nam đúc không đường may cao cấp,Thời Trang,0,0,319000,319000,4.3,69,1000,1000,https://tiki.vn/product-p21601483.html?spid=21601485
113115714,111461,OEM,Áo lót nam cotton trắng siêu đẹp,Áo thun nam ngắn tay không cổ,0,0,54000,54000,4.1,10,1000,1000,https://tiki.vn/product-p113115714.html?spid=127532387
23367622,111461,OEM,Quần bơi nam phổ thông,Thời Trang,0,0,80000,80000,4.5,12,1000,1000,https://tiki.vn/product-p23367622.html?spid=74257088
163903477,5402543,SOMIANTON,Áo Sơ Mi Nam Xanh Dương Ngắn Tay Anton Công Sở Trung Niên Vải Sợi Tre Kẻ Trắng – GD553,Áo sơ mi nam tay ngắn họa tiết,90000,25,355000,265000,4.8,4,1000,1000,https://tiki.vn/product-p163903477.html?spid=163903479
180577966,111461,OEM,"Áo Sơ Mi Nam Trắng Dài tay Cổ bẻ Chất Lụa Trơn Truyền Thống không nhăn, thoáng mát",Áo sơ mi nam tay dài trơn,0,0,110000,110000,4.3,15,1000,1000,https://tiki.vn/product-p180577966.html?spid=198651858
115981814,111461,OEM,Áo Khoác Dù Nam Nữ TMS Áo Khoác Gió Phối 2 Màu Couple Cực Đẹp Rẻ - Bomber Jacket (Video Ảnh Thật) - ÁO KHOÁC THIÊN HÀ,Áo khoác gió,0,0,96000,96000,4.8,16,1000,1000,https://tiki.vn/product-p115981814.html?spid=127712953
252794076,111461,OEM,Quần short nam chất nhung tăm form big size 80 đến 130kg,Root,0,0,265000,265000,0.0,0,1000,1000,https://tiki.vn/product-p252794076.html?spid=252794078
196184514,111461,OEM,"Áo Blue, Blouse trắng Dáng Ngắn Ngang Đùi Nam Nữ Dài Tay, Cộc Tay Hàng Đẹp Loại 1 Dành Cho Y Tá, Dược Sĩ, Điều Dưỡng",Root,0,0,138000,138000,5.0,1,1000,1000,https://tiki.vn/product-p196184514.html?spid=196184558
99409990,618559,Nexx & Dee,Áo sơ mi nam tay ngắn công sở Nexx & Dee vải oxford denim cao cấp trắng ND05,Áo sơ mi nam tay ngắn trơn,0,0,219000,219000,4.6,7,1000,1000,https://tiki.vn/product-p99409990.html?spid=99409992
104312787,219929,CITYMEN,"Quần Lót Nam lưng Hàn Quốc vải thun lạnh 4 chiều hiệu CITYMEN cao cấp, đồ lót - LMTK-HANAL",Quần lót nam,13000,43,30000,17000,4.7,181,1000,1000,https://tiki.vn/product-p104312787.html?spid=104312789
184916117,448813,CATRIO,"áo may ô nam CATRIO là áo lót 3 lỗ cho bố cho ông người trung tuổi người cao tuổi từ 55kg đến 83kg, vải 100% cotton chất lượng thật, áo lót màu trắng cho nam mặc bên trong áo sơ mi, mặc ở nhà, mặc khi ngủ",Áo thun nam ba lỗ,0,0,59000,59000,5.0,1,1000,1000,https://tiki.vn/product-p184916117.html?spid=184916121
100366401,494763,Fasvin,Áo thun thể thao nam Fasvin PL20245.HN áo polo vải cotton thấm hút mồ hôi tốt,Áo thun nam ngắn tay có cổ,0,0,349000,349000,0.0,0,1000,1000,https://tiki.vn/product-p100366401.html?spid=100366423
104188520,219929,CITYMEN,"Combo 4 Quần Lót Nam hiệu CITYMEN vải cotton co giãn 4 chiều lưng Hàn Quốc cao cấp màu ngẫu nhiên, đồ lót - LMTK-HANAC",Quần lót nam,76000,49,155000,79000,4.6,118,1000,1000,https://tiki.vn/product-p104188520.html?spid=104188523
176769589,111461,OEM,"Quần bơi big size cho nam giới béo mập, có size lớn đến 125kg, dáng sooc đùi dài, chất thun bơi lạnh dày dặn co giãn 4 chiều | BN017",Quần bơi - đi biển nam,0,0,180000,180000,4.5,6,1000,1000,https://tiki.vn/product-p176769589.html?spid=176769593
216204345,618559,Nexx & Dee,"Áo thun polo nam, áo thun cá sấu nam có cổ bẻ trẻ trung niên big size 3xl CS10",Áo thun nam ngắn tay có cổ,0,0,155000,155000,4.0,1,1000,1000,https://tiki.vn/product-p216204345.html?spid=216204347
99484251,111461,OEM,Quần jean nam rách gối cao cấp vải jean co dãn hàng chuẩn shop Phuongnamshop20 kvp27,Root,0,0,115000,115000,5.0,1,1000,1000,https://tiki.vn/product-p99484251.html?spid=199618156
193178043,111461,OEM,"Áo Khoác Nỉ Nam Cao Cấp - Vải Nỉ Nhập Mặt Thoáng Mát,Có Nón Che Rộng Cao Cấp AK016",Root,0,0,119000,119000,0.0,0,1000,1000,https://tiki.vn/product-p193178043.html?spid=207503136
20521238,418935,KHATOCO ,Áo Sơ Mi Nam Tay Ngắn Khatoco A1MN538T1-CNCR115-2010-N - Đỏ,Root,0,0,538000,538000,5.0,68,1000,1000,https://tiki.vn/product-p20521238.html?spid=20521271
148600532,159835,LADOS,"Áo khoác dù nam 2 mặt chống Nước LADOS cao cấp - 22027 , Form đẹp, chống nắng, chống nước tốt",Áo khoác gió,150000,40,379000,229000,4.3,43,1000,1000,https://tiki.vn/product-p148600532.html?spid=148600571
54762328,418935,KHATOCO ,Áo sơ mi nam tay ngắn form ôm họa tiết Khatoco A1MN438S1-CNIN099-2011-N - Đen,Thời Trang,0,0,438000,438000,5.0,4,1000,1000,https://tiki.vn/product-p54762328.html?spid=54762330
74151584,221573,Amazing,"Quần tây nam Amazing màu đen và xanh đen, size 28 đến 40, form công sở truyền thống, không ly, ống suông",Quần tây nam,174000,35,499000,325000,4.5,63,1000,1000,https://tiki.vn/product-p74151584.html?spid=74151586
186621496,618559,Nexx & Dee,Quần dài kaki nam công sở đi tiệc có size lớn big size 36 cao cấp QD03,Quần kaki nam dài,0,0,229000,229000,5.0,3,1000,1000,https://tiki.vn/product-p186621496.html?spid=186621523
207236298,664703,ĐŨI VIỆT,"Áo vest blazer Linen nam, Áo blazer nam công sở chất vải linen tự nhiên mềm mại thời trang Đũi Việt",Bộ vest nam,0,0,325000,325000,4.6,5,1000,1000,https://tiki.vn/product-p207236298.html?spid=214515338
247402135,146067,Vĩnh Tiến,Áo Sơ Mi Dài Tay Màu Tencel-Spun Regular Fit 325 Vĩnh Tiến - Nhiều Màu,Áo sơ mi nam tay dài trơn,0,0,325000,325000,0.0,0,1000,1000,https://tiki.vn/product-p247402135.html?spid=247402137
214935143,111461,OEM,"Quần lót nam ROCK QA1110 size đại  3XL, 4XL, 5XL chất thun lạnh mịn mát",Quần lót nam,24080,28,86000,61920,0.0,0,1000,1000,https://tiki.vn/product-p214935143.html?spid=214935145
216203477,618559,Nexx & Dee,"Áo thun polo nam, áo thun cá sấu nam có cổ bẻ trẻ trung niên big size 3xl CS3",Áo thun nam ngắn tay có cổ,0,0,155000,155000,0.0,0,1000,1000,https://tiki.vn/product-p216203477.html?spid=216203479
189595906,618559,Nexx & Dee,"Áo thun cá sấu nam, áo thun polo nam trung niên sọc ngang có cổ có túi cao cấp ND05",Áo thun nam ngắn tay có cổ,0,0,155000,155000,5.0,11,1000,1000,https://tiki.vn/product-p189595906.html?spid=189595908
109567299,4581269,Baw,"Combo 3 Quần Boxer Nam Chất Liệu Thun Cotton Lạnh Cao Cấp, Quần Sịp Nam Co Giãn Thoáng Mát, Thấm Hút Mồ Hôi Thương Hiệu BAW (Combo 3 quần màu ngẫu nhiên) NT2201",Quần lót nam,50000,25,199000,149000,4.8,65,1000,1000,https://tiki.vn/product-p109567299.html?spid=109567301
75320881,221573,Amazing,"Quần short kaki nam Amazing, màu sắc trẻ trung, bigsize, vải co giãn, lưng thun có dây rút",Quần kaki nam ngắn,80000,33,239000,159000,4.6,63,1000,1000,https://tiki.vn/product-p75320881.html?spid=75320892
111710197,111461,OEM,"Áo Sơ Mi Nam Ngắn Tay Mẫu TNFS Thời Trang Cao Cấp PONIVA Phong Cách Hàn Quốc Trẻ Trung, Lịch Lãm",Root,0,0,125000,125000,5.0,12,1000,1000,https://tiki.vn/product-p111710197.html?spid=111710230
194086931,111461,OEM,"Quần Lót Nam Tam Giác Munafie, Quần Sịp Đùi Nam Munafie Co Giãn 4 Chiều - SN03",Quần lót nam,0,0,17000,17000,4.0,1,1000,1000,https://tiki.vn/product-p194086931.html?spid=194086941
195949063,734939,ADINO,Quần âu nam hàn quốc màu đen ADINO vải cotton không bai không xù co giãn dáng công sở slimfit ống đứng hơi côn QA140,Quần tây nam,131000,34,380000,249000,5.0,6,1000,1000,https://tiki.vn/product-p195949063.html?spid=195949071
273121851,5367201,NHUH20,"Quần ống rộng túi hộp , Quần jogger unisex nhiều túi phong cách thể thao THỜI TRANG, Quần kaki phối dây rút eo cargo pants Hottrend vải kaki dù mềm hiphop nam nữ",Quần jogger nam,0,0,127000,127000,0.0,0,1000,1000,https://tiki.vn/product-p273121851.html?spid=273121853
57969708,111461,OEM,Áo thun Nam ba lỗ tập GYM thể thao - AT021,Thời Trang,0,0,110000,110000,4.5,13,1000,1000,https://tiki.vn/product-p57969708.html?spid=57969714
181114097,159835,LADOS,"Quần jean nam co giãn cao cấp trơn Lados-4068 Form slimfit chuẩn, thoải mái, không xù lông, ra màu",Quần jeans nam dài,224000,43,519000,295000,4.6,34,1000,1000,https://tiki.vn/product-p181114097.html?spid=181114108
172283470,273717,GOKING,"NEVER GIVE UP, mã G112. Áo thun nam nữ in chữ siêu đẹp, form unisex. Áo phông GOKING hàng hiệu, quà tặng cao cấp cho gia đình, cặp đôi, hội nhóm, doanh nghiệp",Áo thun nam ngắn tay không cổ,0,0,99000,99000,4.8,63,1000,1000,https://tiki.vn/product-p172283470.html?spid=205818892
81209773,4469177,Chandi,"Quần Bò Nam cao cấp thương hiệu Chandi, chất jean co dãn Hot Trend mã MR9041",Quần jeans nam dài,0,0,169000,169000,4.6,205,1000,1000,https://tiki.vn/product-p81209773.html?spid=81209775
74531596,418935,KHATOCO ,Quần khaki nam 1 ply ống đứng màu da bò Khatoco Q2M468R1-VNMA016-1908-1,Quần kaki nam dài,0,0,468000,468000,4.8,28,1000,1000,https://tiki.vn/product-p74531596.html?spid=74531602
20522765,418935,KHATOCO ,Áo Sơ Mi Nam Tay Ngắn Khatoco A1MN568T2-ININ001-2011-N - Đen,Root,0,0,568000,568000,5.0,2,1000,1000,https://tiki.vn/product-p20522765.html?spid=20522773
56465215,317963,N6,Áo Khoác Kaki Nam Hai Lớp Hàn Quốc Đơn Giản Cao Cấp KK36 - ShopN6 (Nhiều Màu),Thời Trang,71000,30,240000,169000,4.1,329,1000,1000,https://tiki.vn/product-p56465215.html?spid=56465223
84826006,111461,OEM,Quần Lót Nam- Sịp Lụa Nam Trơn Không Đường May Mỏng Mát K176,Root,0,0,74000,74000,4.5,191,1000,1000,https://tiki.vn/product-p84826006.html?spid=84828589
14695097,150201,Việt Tiến,Áo sơ mi trắng dài tay Việt Tiến 500,Root,0,0,590000,590000,4.8,14,1000,1000,https://tiki.vn/product-p14695097.html?spid=47028016
73219234,317963,N6,Áo Khoác Nam Áo Khoác Kaki Nam Big Size Cổ Cao Hai Lớp Chống Nắng Chống Lạnh Hàn Quốc Cao Cấp AK35 - ShopN6 (Nhiều Màu),Thời trang nam,0,0,169000,169000,3.8,71,1000,1000,https://tiki.vn/product-p73219234.html?spid=73219236
72688456,111461,OEM,Áo giữ nhiệt nam dài tay cao cấp dáng body đẹp,Thời trang nam,0,0,30000,30000,4.0,26,1000,1000,https://tiki.vn/product-p72688456.html?spid=127713439
117582667,111461,OEM,Áo Giữ Nhiệt Nam,Áo thun nam dài tay,0,0,48000,48000,5.0,5,1000,1000,https://tiki.vn/product-p117582667.html?spid=207991318
176217605,111461,OEM,Quần Quần Đùi Nam Nữ Mặc Nhà Tắm Biển Quần Ngủ SATU Vải Thun Cotton Co Giãn Thoải Mái Thoáng Mát,Root,0,0,29000,29000,3.3,4,1000,1000,https://tiki.vn/product-p176217605.html?spid=176217660
99329103,361817,Tsimple,"Quần Thể Thao Nam TSIMPLE, quần short tập gym vải thun lạnh thoáng mát, co giãn, chuẩn form nhiều màu",Quần thể thao nam,24000,21,113000,89000,4.7,309,1000,1000,https://tiki.vn/product-p99329103.html?spid=99329105
20518565,418935,KHATOCO ,Quần Short Nam Khatoco Q3M318R0-VNMA031-2009-018 - Đỏ,Root,0,0,318000,318000,4.8,38,1000,1000,https://tiki.vn/product-p20518565.html?spid=20518589
213985136,664703,ĐŨI VIỆT,"Áo khoác Blazer Nam Form suông dài tay unisex basic chất linen cao cấp ,hợp mọi thời đại, phong cách Hàn Quốc, Blazer Đũi Việt",Bộ vest nam,0,0,350000,350000,5.0,1,1000,1000,https://tiki.vn/product-p213985136.html?spid=213985138
172283830,273717,GOKING,"Crary sale 2023 - NEVER GIVE UP, mã G120. Áo thun truyền động lực cho nam nữ, form unisex. Áo phông hàng hiệu Goking, quà tặng cao cấp cho gia đình, cặp đôi, doanh nghiệp",Áo thun nam ngắn tay không cổ,0,0,99000,99000,4.7,15,1000,1000,https://tiki.vn/product-p172283830.html?spid=212049170
217167501,535627,5S,"Áo Polo Nam 5S ALTITUDE, Chất Liệu Viscose Siêu Mềm Mịn, Thoáng Mát, Thiết Kế Basic, Trẻ Trung, Lịch Lãm (APC23015)",Áo thun nam ngắn tay có cổ,184000,47,389000,205000,4.7,21,1000,1000,https://tiki.vn/product-p217167501.html?spid=217167508
115453581,5003355,US ARMY,"Quần Kaki Nam Lính Mỹ USARMY U629 Cao Cấp, Kiểu Dáng Quần Túi Hộp Phong Cách Cực Ngầu -HÀNG CHÍNH HÃNG",Quần kaki nam dài,569500,50,1139000,569500,5.0,26,1000,1000,https://tiki.vn/product-p115453581.html?spid=174217217
98902559,52304,iBasic,Quần lót nam đùi ngắn cotton iBasic PANM078,Quần lót nam,40000,34,119000,79000,5.0,65,1000,1000,https://tiki.vn/product-p98902559.html?spid=205820905
141309645,111461,OEM,"Áo hoodie nam nữ form rộng siêu xinh , Áo khoác nam nữ nỉ có mũ phong cách ..",Root,0,0,110000,110000,4.5,6,1000,1000,https://tiki.vn/product-p141309645.html?spid=148697916
131174597,111461,OEM,"Đồ ngủ đôi, bộ đồ mặc nhà nam nữ áo dài tay chất cotton mềm mịn cho mùa thu đông",Root,0,0,189000,189000,3.8,4,1000,1000,https://tiki.vn/product-p131174597.html?spid=131174601
23403201,111461,OEM,Quần đùi đũi nam,Thời Trang,0,0,128000,128000,4.5,13,1000,1000,https://tiki.vn/product-p23403201.html?spid=110472336
118159890,111461,OEM,ÁO GIỮ NHIỆT NAM CỔ 3 PHÂN HÀNG CAO CẤP,Áo thun nam dài tay,0,0,209000,209000,5.0,1,1000,1000,https://tiki.vn/product-p118159890.html?spid=118159918
110139205,5003355,US ARMY,Áo Gile Nam Lính Mỹ U869 Phong Cách US ARMY - HÀNG CHÍNH HÃNG,Áo khoác gió,399000,50,798000,399000,5.0,29,1000,1000,https://tiki.vn/product-p110139205.html?spid=174134973
163032507,5402543,SOMIANTON,Áo Sơ Mi Nam Công Sở Trung Niên Thương Hiệu Anton Dài Tay Công Sở Vải Cotton Xanh Dương -XA14,Áo sơ mi nam tay dài trơn,55000,20,280000,225000,4.7,15,1000,1000,https://tiki.vn/product-p163032507.html?spid=163032509
76246573,111461,OEM,"Áo hoodie nam / áo hoodie nữ / áo khoác hoodie form rộng nam nữ mặc size M , L , XL  chất vải nỉ chống nắng chống lạnh tốt",Áo hoodies nam vải nỉ,0,0,98000,98000,4.5,21,1000,1000,https://tiki.vn/product-p76246573.html?spid=76445479
71972924,111461,OEM,Bộ Thể Thao Nam Dài Tay - Bộ Thu Đông Chất Liệu Nỉ Cao Cấp Mềm Mịn - BD82,Thời trang nam,0,0,189000,189000,2.3,4,1000,1000,https://tiki.vn/product-p71972924.html?spid=77977572
193987820,261801,Leman,Quần Jean nam Leman xanh mài xước trơn JD15 - Slim Form Tôn Dáng,Quần jeans nam dài,169000,31,549000,380000,5.0,6,1000,1000,https://tiki.vn/product-p193987820.html?spid=193987829
142651096,111461,OEM,Áo Khoác KaKi Nam 2 Lớp 3 màu Sport Mã AK02 Cao Cấp - Áo Khoác Nam Thời Trang Phố Phong Cách Trẻ Trung,Áo khoác gió,0,0,179000,179000,3.3,12,1000,1000,https://tiki.vn/product-p142651096.html?spid=144278007
165995243,111461,OEM,Áo khoác hoodie nam nữ vải nỉ xịn quảng châu mẫu mới 2021 Phuongnamshop20 nj20,Root,0,0,115000,115000,2.0,1,1000,1000,https://tiki.vn/product-p165995243.html?spid=270813051
177302199,5402543,SOMIANTON,Quần Âu Nam Dáng Rộng Công Sở Trung Niên Xếp Ly Màu Trắng Kem Mã QA101,Quần tây nam,83000,23,368000,285000,5.0,1,1000,1000,https://tiki.vn/product-p177302199.html?spid=177302213
207782626,246545,dokafashion,Áo Khoác Da Nam Lộn Lót Lông Siêu Ấm Cao Cấp Thời Trang Dokafashion EZDL01,Áo khoác da nam,129300,34,379000,249700,0.0,0,1000,1000,https://tiki.vn/product-p207782626.html?spid=207782628
93828594,317963,N6,Áo Khoác Big Size Nam Nữ Unisex Áo Khoác Nỉ Có Nón Cổ Cao Chống Nắng Chống Nóng Chống Lạnh Chống Gió Đi Phượt Racing Thời Trang Hàn Quốc Cao Cấp AN14 - ShopN6,Áo khoác nỉ,21000,11,190000,169000,4.7,10,1000,1000,https://tiki.vn/product-p93828594.html?spid=93828596
147448127,111461,OEM,Áo Sơ Mi Nam Dài Tay Sọc Chữ Mã GM11 Thời Trang EMEY LUXURY Thiết Kế Nam Tính Lịch Lãm Chuẩn Form,Root,0,0,160000,160000,4.3,25,1000,1000,https://tiki.vn/product-p147448127.html?spid=147448175
242176928,111461,OEM,"Áo khoác nam, áo khoác lính, Áo khoác lính Aber kaki cao cấp có mũ ARM-940",Thời trang nam,0,0,1250000,1250000,0.0,0,1000,1000,https://tiki.vn/product-p242176928.html?spid=202612417
85086740,111461,OEM,Áo sơ mi nam màu trắng ngắn tay vải chống nhăn,Áo sơ mi nam tay ngắn trơn,0,0,108000,108000,4.5,58,1000,1000,https://tiki.vn/product-p85086740.html?spid=85086776
247953776,4469177,Chandi,"Quần Jean Nam, Co Dãn Phối Rách Thời Trang Cao Cấp Thương Hiệu CHANDI MS58",Quần jeans nam dài,0,0,189000,189000,0.0,0,1000,1000,https://tiki.vn/product-p247953776.html?spid=247953778
163543598,5402543,SOMIANTON,Áo sơ mi nam dài tay công sở trung niên thương hiệu Anton vải sợi tre kẻ caro màu xanh dương – Y8553,Áo sơ mi nam tay dài họa tiết,60000,18,325000,265000,5.0,1,1000,1000,https://tiki.vn/product-p163543598.html?spid=163543600
183489891,111461,OEM,Quần jean nam big size cao cấp màu xanh slimfit co giãn xuất xin,Root,0,0,299000,299000,0.0,0,1000,1000,https://tiki.vn/product-p183489891.html?spid=183490190
151801291,111461,OEM,MIẾNG ĐỘN QUẦN LÓT NAM - ĐỘN TRƯỚC SEXY - Loaị Nổi 3D,Root,0,0,29000,29000,4.5,17,1000,1000,https://tiki.vn/product-p151801291.html?spid=151801355
68918584,111461,OEM,[ Có Ảnh Thật ] Áo thun unisex tay lỡ form rộng - phông phối tay CALI,Root,46000,37,125000,79000,4.8,153,1000,1000,https://tiki.vn/product-p68918584.html?spid=68918588
73922712,718933,ARADO FASHION,"Áo thun nam cổ tròn tay ngắn, chất thun cao cấp, trẻ trung, năng động – FORMEN SHOP – FMPS146",Áo thun nam ngắn tay không cổ,10000,5,199000,189000,3.8,4,1000,1000,https://tiki.vn/product-p73922712.html?spid=73922714
163716172,5402543,SOMIANTON,"Áo Sơ Mi Nam Xanh Tím Than Ngắn Tay Công Sở Trung Niên Anton Kẻ Caro Thoáng Mát, Thấm Hút Mồ Hôi - NT201",Áo sơ mi nam tay ngắn họa tiết,130000,31,425000,295000,5.0,2,1000,1000,https://tiki.vn/product-p163716172.html?spid=163716174
262072837,111461,OEM,"Áo Khoác nam, áo khoác 2 lớp gió nam dày dặn siêu xịn mịn chất liệu Micro Polyester, không thấm nước, không phai màu N6",Root,0,0,275000,275000,3.0,1,1000,1000,https://tiki.vn/product-p262072837.html?spid=262072841
67488235,111461,OEM,"Quần dài thể thao nam, jogger 3 sọc ống bo có khóa túi size đại hơn 80kg",Thời Trang,0,0,55500,55500,4.1,103,1000,1000,https://tiki.vn/product-p67488235.html?spid=70806685
72691958,111461,OEM, Áo thun tay lỡ cotton Gấu Rỗng  (áo thun tay lỡ unisex nam nữ đều mặc được0,Root,0,0,38000,38000,4.1,136,1000,1000,https://tiki.vn/product-p72691958.html?spid=140509576
33754891,111461,OEM,Áo len nam dài tay cổ tim phong cách Hàn Quốc,Thời Trang,0,0,322000,322000,4.3,33,1000,1000,https://tiki.vn/product-p33754891.html?spid=33754901
30684378,418935,KHATOCO ,Áo Sơ Mi Nam Tay Dài Form Slim Khatoco A1MD468S1-CNMK019-2011-D,Root,0,0,468000,468000,5.0,4,1000,1000,https://tiki.vn/product-p30684378.html?spid=30684380
194130690,111461,OEM,"Áo khoác nam trung niên, áo len cardigan nam cho ông cho bố",Root,0,0,239000,239000,5.0,1,1000,1000,https://tiki.vn/product-p194130690.html?spid=194130696
261979385,494763,Fasvin,Bộ quần áo thể thao nam FASVIN AB23570.HN chất vải mềm nhẹ co giãn thoải mái,Đồ mặc nhà nam - Bộ ngắn,39000,8,468000,429000,5.0,2,1000,1000,https://tiki.vn/product-p261979385.html?spid=261979387
84826648,111461,OEM,Quần Sịp Lưới Nam Mỏng Mát Sexy K165,Root,0,0,69000,69000,4.5,64,1000,1000,https://tiki.vn/product-p84826648.html?spid=84828908
184915041,448813,CATRIO,ÁO BA LỖ NAM là áo may ô nam từ 40_83kg vải 100% cotton thiết kế 3 lỗ thoáng mát lót trong áo sơ mi,Áo thun nam ba lỗ,0,0,59000,59000,4.5,2,1000,1000,https://tiki.vn/product-p184915041.html?spid=184915049
99487988,111461,OEM,ÁO KHOÁC JEAN NAM SIÊU HOT VẢI SIÊU DÀY PHUONGNAMSHOP20 MKTB16,Root,0,0,175000,175000,4.0,6,1000,1000,https://tiki.vn/product-p99487988.html?spid=142264807
129298648,111461,OEM,áo khoác nam trung niên ẢNH THẬT 2 lớp không nhăn không nhàu siêu nhẹ,Áo nam trung niên,0,0,339000,339000,5.0,4,1000,1000,https://tiki.vn/product-p129298648.html?spid=129298673
180576872,111461,OEM,Quần Tây Nam- Quần Âu Nam Dài Công sở kiểu dáng Hàn Quốc Cao Cấp,Quần tây nam,0,0,140000,140000,4.5,5,1000,1000,https://tiki.vn/product-p180576872.html?spid=215730602
163877732,5402543,SOMIANTON,Áo Sơ Mi Nam Công Sở Trung Niên Anton Vải Sợi Tre Ngắn Tay màu xám Thấm Hút Mồ Hôi - XNT202,Áo sơ mi nam tay ngắn họa tiết,130000,31,425000,295000,4.3,3,1000,1000,https://tiki.vn/product-p163877732.html?spid=163877734
198932414,112923,GIORDANO,Áo Sơ Mi Nam Linen Ngắn Tay Giordano 01042208,Áo sơ mi nam tay ngắn trơn,622000,66,940000,318000,0.0,0,1000,1000,https://tiki.vn/product-p198932414.html?spid=198932430
125784347,111461,OEM,Quần bơi lững nam 881(30-100kg),Root,0,0,60000,60000,5.0,10,1000,1000,https://tiki.vn/product-p125784347.html?spid=125784395
252879374,300463,MLB,MLB - Áo thun unisex cổ tròn tay ngắn Classic Monogram Front Pattern 3ATSM1133-50BKS,Áo thun nam ngắn tay không cổ,0,0,2090000,2090000,0.0,0,1000,1000,https://tiki.vn/product-p252879374.html?spid=252879378
195503867,618559,Nexx & Dee,"Áo thun POLO nam trung niên cá sấu sọc ngang có túi gài bút lịch lãm cao cấp, PL18",Áo thun nam ngắn tay có cổ,0,0,155000,155000,0.0,0,1000,1000,https://tiki.vn/product-p195503867.html?spid=195503883
183718179,111461,OEM,"Áo sơ Mi, Áo sơ Mi Nam cổ Vest, dài tay, mới lạ và sang trọng. Chất liệu Cotton cao cấp, nhẹ, mát mẻ, thấm mồ hôi, không nhăn, không nhàu,mã N34",Áo sơ mi nam tay dài trơn,0,0,199000,199000,4.0,2,1000,1000,https://tiki.vn/product-p183718179.html?spid=183718181
163877262,5402543,SOMIANTON,Áo Sơ Mi Nam Công Sở Trung Niên Dài Tay Thương Hiệu Anton Xanh Tím Than Họa Tiết Kẻ Caro Chìm – YAT201,Áo sơ mi nam tay dài họa tiết,100000,24,425000,325000,5.0,1,1000,1000,https://tiki.vn/product-p163877262.html?spid=163877264
258284913,261801,Leman,Quần lót nam Boxer LEMAN BX01 vải Bamboo cao cấp,Quần lót nam,9000,10,89000,80000,5.0,1,1000,1000,https://tiki.vn/product-p258284913.html?spid=258284915
202491837,111461,OEM,Áo khoác len trung niên nam cho người già,Root,0,0,249000,249000,0.0,0,1000,1000,https://tiki.vn/product-p202491837.html?spid=202491839
201115359,111461,OEM,"Quần short nam kaki, quần đùi nam chất dày dặn co dãn cực tốt, trẻ trung phong cách Hàn Quốc SH01 - PROMAN",Root,0,0,89000,89000,0.0,0,1000,1000,https://tiki.vn/product-p201115359.html?spid=201115362
197933907,111461,OEM,"Quần dài kaki nam, Quần chiến thuật lính S.archon cao cấp ARM-1121",Quần kaki nam dài,0,0,550000,550000,5.0,1,1000,1000,https://tiki.vn/product-p197933907.html?spid=197933935
201359185,111461,OEM,Miếng độn quần lót nam - độn trước sexy,Quần lót nam,0,0,25000,25000,5.0,7,1000,1000,https://tiki.vn/product-p201359185.html?spid=201359187
131238555,111461,OEM,ÁO KHOÁC NỈ HOODIE NAM NỮ,Root,0,0,95000,95000,0.0,0,1000,1000,https://tiki.vn/product-p131238555.html?spid=270143683
249256295,111461,OEM,Bộ thể thao nam mùa hè Đồ Bộ nam mùa hè cộc tay cổ tròn chất thun mát,Root,0,0,73000,73000,0.0,0,1000,1000,https://tiki.vn/product-p249256295.html?spid=249256322
20991311,150201,Việt Tiến,Áo sơ mi trơn tay ngắn,Thời Trang,0,0,300000,300000,4.0,12,1000,1000,https://tiki.vn/product-p20991311.html?spid=20991359
199104746,5402543,SOMIANTON,Áo Sơ Mi Nam Công Sở Trung Niên Anton Somianton Màu Xanh Lục Kẻ Sọc Trắng Ngắn Tay Sợi Bamboo- XNC141,Áo sơ mi nam tay ngắn họa tiết,60000,18,325000,265000,5.0,2,1000,1000,https://tiki.vn/product-p199104746.html?spid=199104748
124748904,150201,Việt Tiến,quần tây đen việt tiến,Quần tây nam,0,0,690000,690000,5.0,5,1000,1000,https://tiki.vn/product-p124748904.html?spid=124748906
20525612,418935,KHATOCO ,Áo Sơ Mi Nam Tay Dài Khatoco A1MD568S1-CNIN066-2009-D - Xám,Root,0,0,568000,568000,5.0,2,1000,1000,https://tiki.vn/product-p20525612.html?spid=20525615
36516931,718933,ARADO FASHION,"Quần short nam thể thao thun lạnh cao cấp thoải mái, năng động, trẻ trung – FORMEN SHOP – FMPS095",Thời Trang,64000,34,190000,126000,4.3,27,1000,1000,https://tiki.vn/product-p36516931.html?spid=36516933
72970690,718933,ARADO FASHION,"Áo Polo nam cổ bẻ ngắn tay, chất liệu cao cấp, thoáng mát, bền màu, thiết kế trẻ trung – FORMEN SHOP – FMPS143",Thời trang nam,70000,35,199000,129000,4.5,40,1000,1000,https://tiki.vn/product-p72970690.html?spid=72970692
183682463,448813,CATRIO,"ÁO LÓT NGẮN TAY CATRIO là áo phông trắng, áo thun ngắn tay cho bố, ông, người trung tuổi, vải 100̀% cotton mặc lót bên trong áo sơ mi, mặc ở nhà, đi ngủ",Áo thun nam ngắn tay không cổ,0,0,65000,65000,5.0,3,1000,1000,https://tiki.vn/product-p183682463.html?spid=183682465
184073425,111461,OEM,"Áo Gile nam, Áo Gile Nam cách điệu Gấu áo Tam giác, phối nơ sau. Kiểu dáng tối giản , lịch sự. mã T7",Bộ vest nam,0,0,269000,269000,4.0,1,1000,1000,https://tiki.vn/product-p184073425.html?spid=184073427
134380574,111461,OEM,Áo thun nam kiểu dáng Hàn quốc - phong cách lịch lãm (D2),Root,0,0,148000,148000,4.8,49,1000,1000,https://tiki.vn/product-p134380574.html?spid=134380601
198115338,111461,OEM,"Quần lính, quần dài nam, quần kaki nam, Quần chiến thuật lính S.archon cao cấp ARM-1056",Quần kaki nam dài,0,0,600000,600000,0.0,0,1000,1000,https://tiki.vn/product-p198115338.html?spid=198115340
77052124,111461,OEM,áo khoác nam cao cấp hàng hiệu - Áo khoác nam có mũ dày ấm lót bông trần siêu nhẹ bó thân,Áo khoác phao nam,0,0,520000,520000,3.3,3,1000,1000,https://tiki.vn/product-p77052124.html?spid=142115065
23014297,111461,OEM,"Áo Sơ mi Nam Dài Tay Công Sở, Chất Liệu Chống Nhăn Cao Cấp",Thời Trang,0,0,97000,97000,4.7,3,1000,1000,https://tiki.vn/product-p23014297.html?spid=74905519
102699973,246545,dokafashion,Combo 3 Quần Short Nam Cao Cấp DokaFashion Vải Thun Co Giãn 4 Chiều EZQT03,Quần thun nam ngắn,120200,42,289000,168800,3.3,3,1000,1000,https://tiki.vn/product-p102699973.html?spid=102699975
263826855,111461,OEM,Bộ quần áo ông già Noel người lớn bằng nhung Cao cấp - Đủ size,Root,0,0,285000,285000,0.0,0,1000,1000,https://tiki.vn/product-p263826855.html?spid=263826857
263442270,111461,OEM,ÁO SƠ MI NAM TAY DÀI PHỐI HỌA TIẾT CỰC ĐẸP THỜI TRANG PHONG CÁCH,Root,0,0,95000,95000,0.0,0,1000,1000,https://tiki.vn/product-p263442270.html?spid=263442273
41267696,111461,OEM,QUẦN JOGGER NAM KAKI TÚI HỘP,Thời Trang,0,0,165000,165000,3.3,4,1000,1000,https://tiki.vn/product-p41267696.html?spid=43951014
67858142,618559,Nexx & Dee,"Áo thun cá sấu nam, áo thun polo nam có cổ bẻ sọc ngang ND03",Thời Trang,0,0,149000,149000,4.5,14,1000,1000,https://tiki.vn/product-p67858142.html?spid=67858144
76705826,111461,OEM,Áo sơ mi dài tay trung niên hàng loại 1 cao cấp vải mịn siêu mát sơ mi nam trung niên somi trắng,Áo sơ mi nam tay dài trơn,0,0,112000,112000,4.0,4,1000,1000,https://tiki.vn/product-p76705826.html?spid=117975101
164307769,273717,GOKING,"MAKE THE GRADE, mã G89. Áo thun nam nữ in chữ siêu đẹp, form unisex. Áo phông GOKING hàng hiệu, công nghệ in Nhật Bản sắc nét. Quà tặng cao cấp cho gia đình, cặp đôi, doanh nghiệp.",Áo thun nam ngắn tay không cổ,0,0,69000,69000,4.8,8,1000,1000,https://tiki.vn/product-p164307769.html?spid=252755726
85087452,111461,OEM,Áo sơ mi nam ngắn tay vải chống nhăn,Áo sơ mi nam tay ngắn trơn,0,0,108000,108000,4.6,18,1000,1000,https://tiki.vn/product-p85087452.html?spid=85087580
74508015,111461,OEM,áo thun tay dài form rộng unisex - sweater sọc nhí 2 ống tay,Áo thun nam dài tay,51000,46,110000,59000,5.0,3,1000,1000,https://tiki.vn/product-p74508015.html?spid=74508019
90598742,111461,OEM,"Đồ bộ PIJAMA Nam dài tay họa tiết sọc Caro, chất Cotton 100%, hàng cao cấp style Hàn Quốc thời thượng",Root,0,0,504000,504000,4.7,13,1000,1000,https://tiki.vn/product-p90598742.html?spid=90598925
131032419,111461,OEM,ÁO CÔNG NHÂN,Áo sơ mi nam tay dài trơn,0,0,77000,77000,3.3,3,1000,1000,https://tiki.vn/product-p131032419.html?spid=131032424
272079971,111461,OEM,Áo sơ mi nam cổ Tàu phong cách trẻ trung sang trọng lịch lãm dáng ôm body mã N20,Áo sơ mi nam cổ tàu,0,0,199000,199000,0.0,0,1000,1000,https://tiki.vn/product-p272079971.html?spid=272079973
